<clockskin>
    <drawable>
        <name>image1.png</name>
    </drawable>
    <drawable>
        <name>digital1.xml</name>
        <arraytype>19</arraytype>
        <centerX>-78</centerX>
        <centerY>-66</centerY>
    </drawable>
    <drawable>
        <name>digital2.xml</name>
        <arraytype>19</arraytype>
        <centerX>-79</centerX>
        <centerY>-19</centerY>
    </drawable>
    <drawable>
        <name>image2.png</name>
    </drawable>
    <drawable>
        <name>digital3.xml</name>
        <arraytype>13</arraytype>
        <centerX>-101</centerX>
        <centerY>22</centerY>
    </drawable>
    <drawable>
        <name>image3.png</name>
    </drawable>
    <drawable>
        <name>digital4.xml</name>
        <arraytype>11</arraytype>
        <centerX>77</centerX>
        <centerY>-12</centerY>
    </drawable>
    <drawable>
        <name>image4.png</name>
    </drawable>
    <drawable>
        <name>digital5.xml</name>
        <arraytype>3</arraytype>
        <centerX>57</centerX>
        <centerY>20</centerY>
    </drawable>
    <drawable>
        <name>digital6.xml</name>
        <arraytype>4</arraytype>
        <centerX>117</centerX>
        <centerY>19</centerY>
    </drawable>
    <drawable>
        <name>image5.png</name>
    </drawable>
    <drawable>
        <name>digital7.xml</name>
        <arraytype>10</arraytype>
        <centerX>78</centerX>
        <centerY>-95</centerY>
    </drawable>
    <drawable>
        <name>digital8.xml</name>
        <arraytype>10</arraytype>
        <centerX>78</centerX>
        <centerY>-58</centerY>
    </drawable>
    <drawable>
        <name>digital9.xml</name>
        <arraytype>14</arraytype>
        <centerX>-5</centerX>
        <centerY>-111</centerY>
    </drawable>
    <drawable>
        <name>image6.png</name>
    </drawable>
    <drawable>
        <name>digital10.xml</name>
        <arraytype>12</arraytype>
        <centerX>44</centerX>
        <centerY>134</centerY>
    </drawable>
    <drawable>
        <name>image7.png</name>
    </drawable>
    <drawable>
        <name>digital11.xml</name>
        <arraytype>6</arraytype>
        <centerX>3</centerX>
        <centerY>92</centerY>
    </drawable>
    <drawable>
        <name>digital12.xml</name>
        <arraytype>6</arraytype>
        <centerX>-93</centerX>
        <centerY>120</centerY>
    </drawable>
    <drawable>
        <name>image8.png</name>
    </drawable>
    <drawable>
        <arraytype>100</arraytype>
        <centerX>-152</centerX>
        <centerY>0</centerY>
        <range>40</range>
    <cls>com.android.settings.Settings</cls>
    <pkg>com.android.settings</pkg>
    </drawable>
    <drawable>
	<arraytype>100</arraytype>
	<centerX>0</centerX>
	<centerY>-151</centerY>
	<range>40</range>
	<cls>com.google.android.apps.googleassistant.AssistantActivity</cls>
	<pkg>com.google.android.apps.googleassistant</pkg>
    </drawable>
    <drawable>
	<arraytype>100</arraytype>
	<centerX>155</centerX>
	<centerY>0</centerY>
	<range>40</range>
	<cls>com.android.soundrecorder.SoundRecorder</cls>
	<pkg>com.android.soundrecorder</pkg>
    </drawable>
    <drawable>
     <arraytype>100</arraytype>
     <centerX>0</centerX>
     <centerY>152</centerY>
     <range>40</range>
     <cls>com.android.dialer.DialtactsWearActivity</cls>
     <pkg>com.android.dialer</pkg>
    </drawable> 
    <drawable>
	<arraytype>100</arraytype>
	<centerX>104</centerX>
	<centerY>-61</centerY>
	<range>40</range>
	<cls>com.android.systemui.settings.BrightnessDialog</cls>
	<pkg>com.android.systemui</pkg>
    </drawable>
</clockskin>
