<?xml version="1.0" encoding="utf-8"?>
<drawables>
     <image>animation_4_0.png</image>
     <image>animation_4_1.png</image>
     <image>animation_4_2.png</image>
     <image>animation_4_3.png</image>
     <image>animation_4_4.png</image>
     <image>animation_4_5.png</image>
     <image>animation_4_6.png</image>
     <image>animation_4_7.png</image>
     <image>animation_4_8.png</image>
     <image>animation_4_9.png</image>
     <image>animation_4_10.png</image>
     <image>animation_4_11.png</image>
     <image>animation_4_12.png</image>
     <image>animation_4_13.png</image>
     <image>animation_4_14.png</image>
     <image>animation_4_15.png</image>
     <image>animation_4_16.png</image>
     <image>animation_4_17.png</image>
     <image>animation_4_18.png</image>
     <image>animation_4_19.png</image>
     <image>animation_4_20.png</image>
     <image>animation_4_21.png</image>
     <image>animation_4_22.png</image>
     <image>animation_4_23.png</image>
     <image>animation_4_24.png</image>
     <image>animation_4_25.png</image>
     <image>animation_4_26.png</image>
     <image>animation_4_27.png</image>
     <image>animation_4_28.png</image>
     <image>animation_4_29.png</image>
     <image>animation_4_30.png</image>
     <image>animation_4_31.png</image>
     <image>animation_4_32.png</image>
     <image>animation_4_33.png</image>
     <image>animation_4_34.png</image>
     <image>animation_4_35.png</image>
     <image>animation_4_36.png</image>
     <image>animation_4_37.png</image>
     <image>animation_4_38.png</image>
     <image>animation_4_39.png</image>
     <image>animation_4_40.png</image>
     <image>animation_4_41.png</image>
     <image>animation_4_42.png</image>
     <image>animation_4_43.png</image>
     <image>animation_4_44.png</image>
     <image>animation_4_45.png</image>
     <image>animation_4_46.png</image>
     <image>animation_4_47.png</image>
     <image>animation_4_48.png</image>
     <image>animation_4_49.png</image>
</drawables>
