<clockskin>
    <drawable>
        <rotate>3</rotate>
        <mulrotate>1</mulrotate>
        <name>image1.png</name>
    </drawable>
    <drawable>
        <name>image2.png</name>
    </drawable>
    <drawable>
        <rotate>3</rotate>
        <mulrotate>20</mulrotate>
        <name>image3.png</name>
    </drawable>
    <drawable>
        <rotate>3</rotate>
        <direction>2</direction>
        <mulrotate>40</mulrotate>
        <name>image4.png</name>
    </drawable>
    <drawable>
        <name>animated_image_1.xml</name>
        <framerate>15.00000000000000</framerate>
        <centerX>2</centerX>
        <centerY>-101</centerY>
    </drawable>
    <drawable>
        <name>image5.png</name>
    </drawable>
    <drawable>
        <name>animated_image_2.xml</name>
        <framerate>2.00000000000000</framerate>
        <centerX>0</centerX>
        <centerY>58</centerY>
    </drawable>
    <drawable>
        <name>image6.png</name>
    </drawable>
    <drawable>
        <name>animated_image_3.xml</name>
        <framerate>25.00000000000000</framerate>
        <centerX>-119</centerX>
        <centerY>72</centerY>
    </drawable>
    <drawable>
        <name>digital1.xml</name>
        <arraytype>5</arraytype>
        <centerX>-127</centerX>
        <centerY>7</centerY>
    </drawable>
    <drawable>
        <name>digital2.xml</name>
        <arraytype>12</arraytype>
        <centerX>105</centerX>
        <centerY>32</centerY>
    </drawable>
    <drawable>
        <name>digital3.xml</name>
        <arraytype>13</arraytype>
        <centerX>115</centerX>
        <centerY>82</centerY>
    </drawable>
    <drawable>
        <name>digital4.xml</name>
        <arraytype>19</arraytype>
        <centerX>29</centerX>
        <centerY>150</centerY>
    </drawable>
    <drawable>
        <name>digital5.xml</name>
        <arraytype>6</arraytype>
        <centerX>-18</centerX>
        <centerY>113</centerY>
    </drawable>
    <drawable>
        <name>image7.png</name>
    </drawable>
    <drawable>
        <name>digital6.xml</name>
        <arraytype>9</arraytype>
        <centerX>49</centerX>
        <centerY>118</centerY>
    </drawable>
    <drawable>
        <name>digital7.xml</name>
        <arraytype>11</arraytype>
        <centerX>-5</centerX>
        <centerY>147</centerY>
    </drawable>
    <drawable>
        <name>digital8.xml</name>
        <arraytype>4</arraytype>
        <centerX>-84</centerX>
        <centerY>16</centerY>
    </drawable>
    <drawable>
        <rotate>3</rotate>
        <direction>2</direction>
        <mulrotate>2</mulrotate>
        <centerX>-101</centerX>
        <centerY>-63</centerY>
        <name>image8.png</name>
    </drawable>
    <drawable>
        <name>animated_image_4.xml</name>
        <framerate>5.00000000000000</framerate>
        <centerX>-101</centerX>
        <centerY>-58</centerY>
    </drawable>
    <drawable>
        <rotate>3</rotate>
        <mulrotate>2</mulrotate>
        <centerX>103</centerX>
        <centerY>-59</centerY>
        <name>image8.png</name>
    </drawable>
    <drawable>
        <name>digital9.xml</name>
        <arraytype>10</arraytype>
        <centerX>103</centerX>
        <centerY>-59</centerY>
    </drawable>
    <drawable>
        <rotate>3</rotate>
        <direction>2</direction>
        <mulrotate>1</mulrotate>
        <name>image10.png</name>
    </drawable>
    <drawable>
        <rotate>1</rotate>
        <mulrotate>1</mulrotate>
        <centerX>0</centerX>
        <centerY>1</centerY>
        <name>image11.png</name>
    </drawable>
    <drawable>
        <name>digital10.xml</name>
        <arraytype>14</arraytype>
        <centerX>-6</centerX>
        <centerY>-80</centerY>
    </drawable>
    <drawable>
        <rotate>6</rotate>
        <mulrotate>2</mulrotate>
        <centerX>-2</centerX>
        <centerY>-105</centerY>
        <name>image12.png</name>
    </drawable>
    <drawable>
        <rotate>1</rotate>
        <mulrotate>1</mulrotate>
        <name>image13.png</name>
    </drawable>
    <drawable>
        <rotate>2</rotate>
        <mulrotate>1</mulrotate>
        <name>image14.png</name>
    </drawable>
    <drawable>
        <rotate>3</rotate>
        <direction>2</direction>
        <mulrotate>1</mulrotate>
        <movement>4</movement>
        <name>image15.png</name>
    </drawable>
</clockskin>
