<clockskin>
    <drawable>
        <rotate>4</rotate>
        <mulrotate>1</mulrotate>
        <name>image1.png</name>
    </drawable>
    <drawable>
        <name>image2.png</name>
    </drawable>
<!--Day and Date-->
    <drawable>
        <name>digital1.xml</name>
        <arraytype>5</arraytype>
        <centerX>-37</centerX>
        <centerY>-131</centerY>
    </drawable>
    <drawable>
        <name>image3.png</name>
    </drawable>
<!--Moonphase-->
    <drawable>
        <name>digital2.xml</name>
        <arraytype>19</arraytype>
        <centerX>-146</centerX>
        <centerY>84</centerY>
    </drawable>
    <drawable>
        <name>image4.png</name>
    </drawable>
    <drawable>
        <name>digital3.xml</name>
        <arraytype>4</arraytype>
        <centerX>36</centerX>
        <centerY>-131</centerY>
    </drawable>
<!--DigiClock-->
    <drawable>
        <name>digital4.xml</name>
        <arraytype>6</arraytype>
        <centerX>-2</centerX>
        <centerY>-87</centerY>
    </drawable>
<!--Weather-->
    <drawable>
        <name>digital5.xml</name>
        <arraytype>10</arraytype>
        <centerX>76</centerX>
        <centerY>-92</centerY>
    </drawable>
    <drawable>
        <name>digital6.xml</name>
        <arraytype>9</arraytype>
        <centerX>-2</centerX>
        <centerY>-51</centerY>
    </drawable>
<!--Steps-->
    <drawable>
        <name>digital7.xml</name>
        <arraytype>12</arraytype>
        <centerX>-12</centerX>
        <centerY>95</centerY>
    </drawable>
    <drawable>
        <name>image5.png</name>
    </drawable>
<!--Calories-->
    <drawable>
        <name>digital8.xml</name>
        <arraytype>54</arraytype>
        <centerX>1</centerX>
        <centerY>63</centerY>
    </drawable>
    <drawable>
        <name>image6.png</name>
    </drawable>
    <drawable>
        <name>digital9.xml</name>
        <arraytype>13</arraytype>
        <centerX>73</centerX>
        <centerY>72</centerY>
    </drawable>
    <drawable>
        <name>image7.png</name>
    </drawable>
    <drawable>
        <name>digital10.xml</name>
        <arraytype>14</arraytype>
        <centerX>-93</centerX>
        <centerY>143</centerY>
    </drawable>
    <drawable>
        <name>image8.png</name>
    </drawable>
    <drawable>
        <rotate>3</rotate>
        <mulrotate>6</mulrotate>
        <centerX>-85</centerX>
        <centerY>-7</centerY>
        <name>image9.png</name>
    </drawable>
    <drawable>
        <name>image10.png</name>
    </drawable>
    <drawable>
        <rotate>3</rotate>
        <mulrotate>1</mulrotate>
        <centerX>83</centerX>
        <centerY>-9</centerY>
        <name>image9.png</name>
    </drawable>
    <drawable>
        <name>image12.png</name>
    </drawable>
    <drawable>
        <rotate>1</rotate>
        <mulrotate>1</mulrotate>
        <name>image13.png</name>
    </drawable>
    <drawable>
        <rotate>2</rotate>
        <mulrotate>1</mulrotate>
        <name>image14.png</name>
    </drawable>
    <drawable>
        <rotate>3</rotate>
        <mulrotate>1</mulrotate>
        <name>image15.png</name>
    </drawable>
<!--Calendar at Date-->
    <drawable>
	<arraytype>100</arraytype>
	<centerX>0</centerX>
	<centerY>-131</centerY>
	<range>30</range>
	<cls>com.android.calendar.AllInOneActivity</cls>
	<pkg>com.google.android.calendar</pkg>
    </drawable>
<!--Alarm at Digiclock-->
    <drawable>
	<arraytype>100</arraytype>
	<centerX>0</centerX>
	<centerY>-89</centerY>
	<range>30</range>
	<cls>com.android.deskclock.DeskClock</cls>
	<pkg>com.android.deskclock</pkg>
    </drawable>
<!--Brightness at System-->
    <drawable>
	<arraytype>100</arraytype>
	<centerX>-150</centerX>
	<centerY>85</centerY>
	<range>30</range>
	<cls>com.android.systemui.settings.BrightnessDialog</cls>
	<pkg>com.android.systemui</pkg>
    </drawable>
<!--Music at Notes-->
    <drawable>
	<arraytype>100</arraytype>
	<centerX>-90</centerX>
	<centerY>-150</centerY>
	<range>30</range>
	<cls>com.android.music.MusicBrowserActivity</cls>
	<pkg>com.android.music</pkg>
    </drawable>
<!--Contacts at Phone-->
    <drawable>
	<arraytype>100</arraytype>
	<centerX>150</centerX>
	<centerY>-85</centerY>
	<range>30</range>
	<cls>com.android.dialer.DialtactsWearActivity</cls>
	<pkg>com.android.dialer</pkg>
    </drawable>
<!--Camera at Camera-->
    <drawable>
	<arraytype>100</arraytype>
	<centerX>150</centerX>
	<centerY>85</centerY>
	<range>30</range>
	<cls>com.android.camera.CameraLauncher</cls>
	<pkg>com.mediatek.camera</pkg>
    </drawable>
<!--Google at G-->
    <drawable>
	<arraytype>100</arraytype>
	<centerX>0</centerX>
	<centerY>175</centerY>
	<range>30</range>
	<cls>com.google.android.googlequicksearchbox.VoiceSearchActivity</cls>
	<pkg>com.google.android.googlequicksearchbox</pkg>
    </drawable>
<!--Weather at Weather-->
    <drawable>
	<arraytype>100</arraytype>
	<centerX>80</centerX>
	<centerY>-95</centerY>
	<range>30</range>
	<cls>com.android.watchweather.WeatherActivity</cls>
	<pkg>com.android.watchweather</pkg>
    </drawable>
<!--Heartrate at Heartrate-->
    <drawable>
	<arraytype>100</arraytype>
	<centerX>70</centerX>
	<centerY>80</centerY>
	<range>30</range>
	<cls>com.cenon.heartrate.HeartRateMonitorActivity</cls>
	<pkg>com.cenon.heartrate</pkg>
    </drawable>
<!--Battery at Battery-->
    <drawable>
	<arraytype>100</arraytype>
	<centerX>-90</centerX>
	<centerY>140</centerY>
	<range>30</range>
	<cls>com.android.settings.Settings$PowerUsageSummaryActivity</cls>
	<pkg>com.android.settings</pkg>
    </drawable>
<!--App Drawer at Thor-->
    <drawable>
	<arraytype>100</arraytype>
	<centerX>75</centerX>
	<centerY>150</centerY>
	<range>30</range>
	<cls>net.ebt.appswitch.activity.BootActivity</cls>
	<pkg>net.ebt.appswitch</pkg>
    </drawable>
<!--Light at Asgard-->
    <drawable>
	<arraytype>100</arraytype>
	<centerX>-150</centerX>
	<centerY>-90</centerY>
	<range>30</range>
	<cls>com.eduardo_rsor.apps.linternapantalla.MainActivity</cls>
	<pkg>com.eduardo_rsor.apps.linternapantalla</pkg>
    </drawable>
<!--Recorder at Microphone-->
    <drawable>
	<arraytype>100</arraytype>
	<centerX>90</centerX>
	<centerY>-150</centerY>
	<range>30</range>
	<cls>vr.audio.voicerecorder.MainActivity</cls>
	<pkg>audiorecording.microphone.recording.app</pkg>
    </drawable>
<!--Counter at Right Complication-->
    <drawable>
	<arraytype>100</arraytype>
	<centerX>85</centerX>
	<centerY>-10</centerY>
	<range>30</range>
	<cls>com.daisyapps.counter.activities.HomeScreen</cls>
	<pkg>com.daisyapps.ticker</pkg>
    </drawable>
</clockskin>
