<?xml version="1.0" encoding="utf-8"?>
<drawables>
	<image>textmin_num_0.png</image>
	<image>textmin_num_1.png</image>
	<image>textmin_num_2.png</image>
	<image>textmin_num_3.png</image>
	<image>textmin_num_4.png</image>
	<image>textmin_num_5.png</image>
	<image>textmin_num_6.png</image>
	<image>textmin_num_7.png</image>
	<image>textmin_num_8.png</image>
	<image>textmin_num_9.png</image>
	<image>textmin_num_colon.png</image>
<!--COMMENTED BY ClockSkinMaker
<metadata gui='rra' version='1.6.0.0' type='array_minute' forecolor='FFFFFF' autoscale='0' font='Eurostile' fontstyle='Regular' fontsize='15,75'>
<content></content>
<content>one</content>
<content>two</content>
<content>three</content>
<content>four</content>
<content>five</content>
<content>six</content>
<content>seven</content>
<content>eight</content>
<content>nine</content>
<content></content>
</metadata>
-->
</drawables>