<?xml version="1.0" encoding="utf-8"?>
<clockskin>
	<drawable>
		<name>image1.png</name>
	</drawable>
        <drawable>
                <name>digital1.xml</name>
                <arraytype>61</arraytype>
                <centerX>-80</centerX>
                <centerY>0</centerY>
        </drawable>
	<drawable>
                <name>digital2.xml</name>
                <arraytype>63</arraytype>
                <centerX>-80</centerX>
                <centerY>0</centerY>
    </drawable>
        <drawable>
                <rotate>11</rotate>
                <direction>2</direction>
                <mulrotate>1</mulrotate>
                <name>image20.png</name>
        </drawable>	
	<drawable>
		<name>image4.png</name>
	</drawable>
        <drawable>
		<name>image6.png</name>
		<rotate>6</rotate>
		<centerX>-100</centerX>
		<direction>1</direction>
		<mulrotate>-1</mulrotate>
	</drawable>
	<drawable>
		<name>digital4.xml</name>
		<arraytype>5</arraytype>
		<centerX>71</centerX>
	</drawable>
	<drawable>
		<name>image5.png</name>
		<rotate>6</rotate>
		<centerX>-97</centerX>
		<centerY>3</centerY>
		<direction>1</direction>
		<mulrotate>-1</mulrotate>
	</drawable>
	<drawable>
		<name>digital5.xml</name>
		<arraytype>12</arraytype>
		<centerX>400</centerX>
	</drawable>
	<drawable>
		<name>digital6.xml</name>
		<arraytype>12</arraytype>
		<centerX>800</centerX>
	</drawable>
	<drawable>
		<name>digital7.xml</name>
		<arraytype>12</arraytype>
		<centerX>2</centerX>
		<centerY>100</centerY>
	</drawable>
	<drawable>
		<name>digital8.xml</name>
		<arraytype>7</arraytype>
		<centerX>200</centerX>
	</drawable>
	<drawable>
		<name>digital9.xml</name>
		<arraytype>7</arraytype>
		<centerX>-200</centerX>
	</drawable>
	<drawable>
		<name>digital10.xml</name>
		<arraytype>10</arraytype>
	</drawable>
	<drawable>
		<name>digital11.xml</name>
		<arraytype>6</arraytype>
		<centerX>12</centerX>
		<centerY>-52</centerY>
	</drawable>
	<drawable>
		<name>digital12.xml</name>
		<arraytype>11</arraytype>
		<centerX>-8</centerX>
		<centerY>-52</centerY>
	</drawable>
	<drawable>
		<name>image7.png</name>
		<rotate>1</rotate>
		<centerX>3</centerX>
		<centerY>3</centerY>
		<direction>1</direction>
		<mulrotate>1</mulrotate>
	</drawable>
	<drawable>
		<name>image8.png</name>
		<rotate>1</rotate>
		<direction>1</direction>
		<mulrotate>1</mulrotate>
	</drawable>
	<drawable>
		<name>image9.png</name>
		<rotate>1</rotate>
		<centerX>1</centerX>
		<centerY>1</centerY>
		<direction>1</direction>
		<mulrotate>1</mulrotate>
	</drawable>
	<drawable>
		<name>image10.png</name>
		<rotate>1</rotate>
		<centerX>-1</centerX>
		<centerY>-1</centerY>
		<direction>1</direction>
		<mulrotate>1</mulrotate>
	</drawable>
	<drawable>
		<name>image11.png</name>
		<rotate>1</rotate>
		<direction>1</direction>
		<mulrotate>1</mulrotate>
	</drawable>
	<drawable>
		<name>image12.png</name>
		<rotate>2</rotate>
		<centerX>3</centerX>
		<centerY>3</centerY>
		<direction>1</direction>
		<mulrotate>1</mulrotate>
	</drawable>
	<drawable>
		<name>image13.png</name>
		<rotate>2</rotate>
		<direction>1</direction>
		<mulrotate>1</mulrotate>
	</drawable>
	<drawable>
		<name>image14.png</name>
		<rotate>2</rotate>
		<centerX>1</centerX>
		<centerY>1</centerY>
		<direction>1</direction>
		<mulrotate>1</mulrotate>
	</drawable>
	<drawable>
		<name>image15.png</name>
		<rotate>2</rotate>
		<centerX>-1</centerX>
		<centerY>-1</centerY>
		<direction>1</direction>
		<mulrotate>1</mulrotate>
	</drawable>
	<drawable>
		<name>image16.png</name>
		<rotate>2</rotate>
		<direction>1</direction>
		<mulrotate>1</mulrotate>
	</drawable>
	<drawable>
		<name>image17.png</name>
		<rotate>3</rotate>
		<centerX>3</centerX>
		<centerY>3</centerY>
		<direction>1</direction>
		<mulrotate>1</mulrotate>
	</drawable>
	<drawable>
		<name>image18.png</name>
		<rotate>3</rotate>
		<direction>1</direction>
		<mulrotate>1</mulrotate>
	</drawable>
	<drawable>
		<name>image19.png</name>
	</drawable>
<!--COMMENTED BY ClockSkinMaker
<metadata gui='rra' version='1.4.0.0'/>
-->
</clockskin>