<?xml version="1.0" encoding="utf-8"?>
<drawables>
	<image>digital2_4_11.png</image>
	<image>digital10_1.png</image>
	<image>digital10_2.png</image>
	<image>digital10_3.png</image>
	<image>digital10_4.png</image>
	<image>digital10_5.png</image>
	<image>digital10_6.png</image>
	<image>digital10_7.png</image>
	<image>digital10_8.png</image>
	<image>digital10_9.png</image>
	<image>digital10_10.png</image>
	<image>digital10_11.png</image>
	<image>digital10_12.png</image>
	<image>digital2_4_12.png</image>
	<image>digital10_14.png</image>
</drawables>