<clockskin>
    <drawable>
        <name>image1.png</name>
    </drawable>
<drawable>
<arraytype>100</arraytype>
<centerX>-105</centerX>
<centerY>142</centerY>
<range>40</range>
<cls>com.wiite.mycalender.MainActivity</cls>
	<pkg>com.wiite.mycalender</pkg>
</drawable>

<drawable>
<arraytype>100</arraytype>
<centerX>103</centerX>
<centerY>142</centerY>
<range>40</range>
<cls>com.android.camera.CameraLauncher</cls>
<pkg>com.wiite.camera</pkg>
</drawable>
    <drawable>
        <rotate>4</rotate>
        <direction>1</direction>
        <mulrotate>1</mulrotate>
        <centerX>-89</centerX>
        <centerY>123</centerY>
        <name>image2.png</name>
    </drawable>
    <drawable>
        <name>image3.png</name>
    </drawable>
    <drawable>
        <name>digital1.xml</name>
        <arraytype>14</arraytype>
        <centerX>-89</centerX>
        <centerY>123</centerY>
    </drawable>
    <drawable>
        <name>digital2.xml</name>
        <arraytype>14</arraytype>
        <centerX>311</centerX>
        <centerY>123</centerY>
    </drawable>
    <drawable>
        <name>digital3.xml</name>
        <arraytype>14</arraytype>
        <centerX>711</centerX>
        <centerY>123</centerY>
    </drawable>
    <drawable>
        <name>image4.png</name>
    </drawable>
    <drawable>
        <rotate>5</rotate>
        <direction>1</direction>
        <mulrotate>1</mulrotate>
        <centerX>91</centerX>
        <centerY>123</centerY>
        <name>image5.png</name>
    </drawable>
    <drawable>
        <name>image6.png</name>
    </drawable>
    <drawable>
        <name>digital4.xml</name>
        <arraytype>6</arraytype>
        <centerX>5</centerX>
        <centerY>-50</centerY>
    </drawable>
    <drawable>
        <name>digital5.xml</name>
        <arraytype>6</arraytype>
        <centerX>0</centerX>
        <centerY>-56</centerY>
    </drawable>
    <drawable>
        <name>digital6.xml</name>
        <arraytype>4</arraytype>
        <centerX>86</centerX>
        <centerY>34</centerY>
    </drawable>
    <drawable>
        <name>digital7.xml</name>
        <arraytype>4</arraytype>
        <centerX>82</centerX>
        <centerY>30</centerY>
    </drawable>
    <drawable>
        <name>digital8.xml</name>
        <arraytype>12</arraytype>
        <centerX>0</centerX>
        <centerY>-136</centerY>
    </drawable>
    <drawable>
        <name>digital9.xml</name>
        <arraytype>10</arraytype>
        <centerX>0</centerX>
        <centerY>59</centerY>
    </drawable>
    <drawable>
        <name>digital10.xml</name>
        <arraytype>11</arraytype>
        <centerX>1</centerX>
        <centerY>41</centerY>
    </drawable>
    <drawable>
        <name>digital11.xml</name>
        <arraytype>9</arraytype>
        <centerX>108</centerX>
        <centerY>-128</centerY>
    </drawable>
    <drawable>
        <name>image7.png</name>
    </drawable>
    <drawable>
        <name>digital12.xml</name>
        <arraytype>13</arraytype>
        <centerX>-53</centerX>
        <centerY>5</centerY>
    </drawable>
    <drawable>
        <name>digital13.xml</name>
        <arraytype>54</arraytype>
        <centerX>-48</centerX>
        <centerY>20</centerY>
    </drawable>
</clockskin>
<!-- Created on WatchFace Designer 0.14.2 beta -->
<!-- Exported for Android 7.1+ Stock ClockSkin Engine -->
