<?xml version="1.0" encoding="utf-8"?>
<clockskin>
	<!--
		<name>day_array.xml</name> Il nome dell'immagine può essere un file di configurazione immagine singola o xml, un file xml rappresenta una matrice di immagini
		<centerX>0</centerX> Coordinata X, il punto centrale dello schermo predefinito
		<centerY>0</centerY> Coordinata Y, il punto centrale dello schermo predefinito
		<rotate>1</rotate>	 Ruotare la lancetta delle ore e altri indicatori, vedere l'indice delle coordinate di seguito per i dettagli
		<angle>60</angle>	 Con <rotate>, l'angolo di deviazione della rotazione, come predefinito 0 gradi, ora deve essere configurato da 60°
		<arraytype>2</arraytype> Se l'immagine è configurata con xml, questa viene utilizzata per identificare il suo tipo specifico, vedere l'indice di tipo di matrice sotto
		<color>1</color>         Colore della grafica di ricarica, il bianco predefinito, è necessario configurare il nero 1 o non può essere configurato
		<mulrotate>3</mulrotate> Utilizzato con <rotate>, il moltiplicatore della velocità di rotazione normale, il valore predefinito 1, è la velocità di rotazione predefinita predefinita moltiplicata per il valore configurato e altrimenti negativa, tranne il suo valore assoluto
		<startAngle>150</startAngle>	L'angolo iniziale del testo curvo accanto al quadrante
		<direction>1</direction>	Direzione di rotazione, 1 è in senso orario, 2 è antiorario e, in caso contrario, il valore predefinito è in senso orario
		<textsize>1</textsize>		La dimensione del carattere del testo curvo accanto al quadrante, predefinito 19
	-->
	<!-- 
	rotate index :
		hour : 1	angolo di rotazione della mano di 1 ora
		minute : 2	angolo di rotazione della mano di 2 minuti
		second : 3	angoli di rotazione della seconda mano
		month : 4	angolo di rotazione di aprile
		week : 5	angolo di rotazione di 5 settimane
		battery : 6	Angolo di rotazione della batteria
	-->
	<!--
	arraytype index :  l'array digitale è il valore predefinito più piccolo dall'inizio, ad esempio 0-9 l'immagine è la prima configurazione 0,1 - 12 l'immagine è la prima configurazione 1
		yearmonthday	:	1	Numero di giorni, ad esempio 2015-01-01, con 11 immagini, il primo 1-10 delle cifre da 0 a 9, il primo 11 per la data della mappa divisa
		monthday : 2 	mese digitale Data come 10-01, utilizzando 11 immagini, il primo 1-10 delle cifre da 0 a 9, il primo 11 è la data della mappa divisa del mese
		month : 3	marzo (con 12 foto che puntano a 12 mesi, 1-12)
		day : 4		date (usando 10 foto, 0-9)
		weekday	：5		settimane, sette immagini, da domenica a sabato
		hourminute : 6	ore digitali, come ore 10:59 am minuti, le prime 1-10 configurazioni Zhang 0-9 cifre, il primo schema di configurazione suddiviso in 11 immagini, le prime 12 configurazioni AM, le prime 13 configurazioni PM,
							Se non ci sono AM e PM può essere indegno, la combinazione del punto centrale di configurazione per il numero del centro, se AMPM si aggiungerà automaticamente alle figure dietro
		hour : 7	ore, 0-9 immagini
		minute ：8	minuti, immagini 0-9
		second : 9	secondi, immagini 0-9
		weather	:	10 meteo, fissate 15 immagini, l'ordine delle immagini di riferimento weather_array.xml commenti
		temprature	：	11	11 temperatura, quattro immagini, il primo negativo, l'ultima unità, l'immagine è configurata come i primi numeri 1-10, le prime 11 immagini negative, le prime 12 immagini per l'unità
		steps ： 12 	Passi, cinque numeri, alto è vuoto usa immagini speciali, 1-10 configurazione 0-9 numeri, le prime 11 immagini speciali di configurazione
		heartrate : 13		ultimi risultati della frequenza cardiaca, 10 immagini, 0-9
		battery level ： 14 batteria, tre cifre, il massimo è vuoto usa immagini speciali, 1-10 configurazione 0-9 numeri, le prime 11 immagini speciali di configurazione
		special second	:	15	eseguendo le immagini di lancetta secondi, camminava attraverso un colore, non camminava per un altro colore, due foto, la prima foto scattata, la seconda foto per l'ordinario
		pedometer text	： 97 Scratch text accanto al quadrante, numero totale di passi, <startAngle> può essere usato per configurare l'angolo iniziale, <direzione> direzione di configurazione, <textsize> dimensione del testo di configurazione
		heartrate text	： 98 Scratch text accanto al quadrante, ultimo risultato della frequenza cardiaca, <startAngle> per configurare l'angolo iniziale, <direzione> per configurare l'orientamento, <textsize> per configurare le dimensioni del testo
		charging battery ： 99 Posizione icona batteria ricaricabile, senza l'immagine, purché le coordinate della posizione, il testo di configurazione e il colore dell'immagine utilizzando <colore>
	-->
	<drawable>
		<name>panel-main.png</name>
	</drawable>
	<drawable>
		<name>weekday_array.xml</name>
		<centerX>44</centerX>
		<centerY>-109</centerY>
		<arraytype>5</arraytype>
	</drawable>	
	<drawable>
		<name>day_array.xml</name>
		<centerX>37</centerX>
		<centerY>-82</centerY>
		<arraytype>4</arraytype>
	</drawable>
	<drawable>
		<name>month_array.xml</name>
		<centerX>2</centerX>
		<centerY>-82</centerY>
		<arraytype>3</arraytype>
	</drawable>
	
	<drawable>
		<name>battery_array.xml</name>
		<centerX>-18</centerX>
		<centerY>95</centerY>
		<arraytype>14</arraytype>
	</drawable>	
	<drawable>
		<name>hand-hour-s.png</name>
		<rotate>1</rotate>
		<centerX>-3</centerX>
		<centerY>3</centerY>
	</drawable>
	<drawable>
		<name>hand-hour.png</name>
		<rotate>1</rotate>
	</drawable>
	<drawable>
		<name>hand-minute-s.png</name>
		<rotate>2</rotate>
		<centerX>-3</centerX>
		<centerY>3</centerY>
	</drawable>
	<drawable>
		<name>hand-minute.png</name>
		<rotate>2</rotate>
	</drawable>
	<drawable>
		<name>hand_second_s.png</name>
		<rotate>10</rotate>
		<centerX>-3</centerX>
		<centerY>2</centerY>
	</drawable>
	<drawable>
		<name>hand_second.png</name>
		<rotate>3</rotate>
	</drawable>
</clockskin>