<clockskin>
    <drawable>
        <name>image1.png</name>
    </drawable>
    <drawable>
        <name>animated_image_1.xml</name>
        <framerate>8.00000000000000</framerate>
    </drawable>
    <drawable>
        <name>animated_image_2.xml</name>
        <framerate>15.00000000000000</framerate>
    </drawable>
    <drawable>
        <name>image2.png</name>
    </drawable>
    <drawable>
        <name>digital1.xml</name>
        <arraytype>6</arraytype>
        <centerX>0</centerX>
        <centerY>145</centerY>
    </drawable>
</clockskin>
