<?xml version="1.0" encoding="utf-8"?>
<drawables>
     <image>animation_5_0.png</image>
     <image>animation_5_1.png</image>
     <image>animation_5_2.png</image>
     <image>animation_5_3.png</image>
     <image>animation_5_4.png</image>
     <image>animation_5_5.png</image>
     <image>animation_5_6.png</image>
     <image>animation_5_7.png</image>
     <image>animation_5_8.png</image>
     <image>animation_5_9.png</image>
     <image>animation_5_10.png</image>
     <image>animation_5_11.png</image>
     <image>animation_5_12.png</image>
     <image>animation_5_13.png</image>
     <image>animation_5_14.png</image>
     <image>animation_5_15.png</image>
     <image>animation_5_16.png</image>
     <image>animation_5_17.png</image>
     <image>animation_5_18.png</image>
     <image>animation_5_19.png</image>
     <image>animation_5_20.png</image>
     <image>animation_5_21.png</image>
     <image>animation_5_22.png</image>
     <image>animation_5_23.png</image>
     <image>animation_5_24.png</image>
     <image>animation_5_25.png</image>
     <image>animation_5_26.png</image>
     <image>animation_5_27.png</image>
     <image>animation_5_28.png</image>
     <image>animation_5_29.png</image>
     <image>animation_5_30.png</image>
     <image>animation_5_31.png</image>
     <image>animation_5_32.png</image>
     <image>animation_5_33.png</image>
     <image>animation_5_34.png</image>
     <image>animation_5_35.png</image>
     <image>animation_5_36.png</image>
     <image>animation_5_37.png</image>
     <image>animation_5_38.png</image>
     <image>animation_5_39.png</image>
     <image>animation_5_40.png</image>
     <image>animation_5_41.png</image>
     <image>animation_5_42.png</image>
     <image>animation_5_43.png</image>
     <image>animation_5_44.png</image>
     <image>animation_5_45.png</image>
     <image>animation_5_46.png</image>
     <image>animation_5_47.png</image>
     <image>animation_5_48.png</image>
     <image>animation_5_49.png</image>
     <image>animation_5_50.png</image>
     <image>animation_5_51.png</image>
     <image>animation_5_52.png</image>
     <image>animation_5_53.png</image>
     <image>animation_5_54.png</image>
     <image>animation_5_55.png</image>
     <image>animation_5_56.png</image>
     <image>animation_5_57.png</image>
     <image>animation_5_58.png</image>
     <image>animation_5_59.png</image>
     <image>animation_5_60.png</image>
     <image>animation_5_61.png</image>
     <image>animation_5_62.png</image>
     <image>animation_5_63.png</image>
     <image>animation_5_64.png</image>
     <image>animation_5_65.png</image>
     <image>animation_5_66.png</image>
     <image>animation_5_67.png</image>
     <image>animation_5_68.png</image>
     <image>animation_5_69.png</image>
     <image>animation_5_70.png</image>
     <image>animation_5_71.png</image>
     <image>animation_5_72.png</image>
     <image>animation_5_73.png</image>
     <image>animation_5_74.png</image>
     <image>animation_5_75.png</image>
     <image>animation_5_76.png</image>
     <image>animation_5_77.png</image>
     <image>animation_5_78.png</image>
     <image>animation_5_79.png</image>
     <image>animation_5_80.png</image>
     <image>animation_5_81.png</image>
     <image>animation_5_82.png</image>
     <image>animation_5_83.png</image>
     <image>animation_5_84.png</image>
     <image>animation_5_85.png</image>
     <image>animation_5_86.png</image>
     <image>animation_5_87.png</image>
     <image>animation_5_88.png</image>
     <image>animation_5_89.png</image>
     <image>animation_5_90.png</image>
     <image>animation_5_91.png</image>
     <image>animation_5_92.png</image>
     <image>animation_5_93.png</image>
     <image>animation_5_94.png</image>
     <image>animation_5_95.png</image>
     <image>animation_5_96.png</image>
     <image>animation_5_97.png</image>
     <image>animation_5_98.png</image>
     <image>animation_5_99.png</image>
     <image>animation_5_100.png</image>
     <image>animation_5_101.png</image>
     <image>animation_5_102.png</image>
     <image>animation_5_103.png</image>
     <image>animation_5_104.png</image>
     <image>animation_5_105.png</image>
     <image>animation_5_106.png</image>
     <image>animation_5_107.png</image>
     <image>animation_5_108.png</image>
     <image>animation_5_109.png</image>
     <image>animation_5_110.png</image>
     <image>animation_5_111.png</image>
     <image>animation_5_112.png</image>
     <image>animation_5_113.png</image>
     <image>animation_5_114.png</image>
     <image>animation_5_115.png</image>
     <image>animation_5_116.png</image>
     <image>animation_5_117.png</image>
     <image>animation_5_118.png</image>
     <image>animation_5_119.png</image>
     <image>animation_5_120.png</image>
     <image>animation_5_121.png</image>
     <image>animation_5_122.png</image>
     <image>animation_5_123.png</image>
     <image>animation_5_124.png</image>
     <image>animation_5_125.png</image>
     <image>animation_5_126.png</image>
     <image>animation_5_127.png</image>
     <image>animation_5_128.png</image>
     <image>animation_5_129.png</image>
     <image>animation_5_130.png</image>
     <image>animation_5_131.png</image>
     <image>animation_5_132.png</image>
     <image>animation_5_133.png</image>
     <image>animation_5_134.png</image>
     <image>animation_5_135.png</image>
     <image>animation_5_136.png</image>
     <image>animation_5_137.png</image>
     <image>animation_5_138.png</image>
     <image>animation_5_139.png</image>
     <image>animation_5_140.png</image>
     <image>animation_5_141.png</image>
     <image>animation_5_142.png</image>
     <image>animation_5_143.png</image>
     <image>animation_5_144.png</image>
     <image>animation_5_145.png</image>
     <image>animation_5_146.png</image>
     <image>animation_5_147.png</image>
     <image>animation_5_148.png</image>
     <image>animation_5_149.png</image>
     <image>animation_5_150.png</image>
     <image>animation_5_151.png</image>
     <image>animation_5_152.png</image>
     <image>animation_5_153.png</image>
     <image>animation_5_154.png</image>
     <image>animation_5_155.png</image>
     <image>animation_5_156.png</image>
     <image>animation_5_157.png</image>
     <image>animation_5_158.png</image>
     <image>animation_5_159.png</image>
     <image>animation_5_160.png</image>
     <image>animation_5_161.png</image>
     <image>animation_5_162.png</image>
     <image>animation_5_163.png</image>
     <image>animation_5_164.png</image>
     <image>animation_5_165.png</image>
     <image>animation_5_166.png</image>
     <image>animation_5_167.png</image>
     <image>animation_5_168.png</image>
     <image>animation_5_169.png</image>
     <image>animation_5_170.png</image>
     <image>animation_5_171.png</image>
     <image>animation_5_172.png</image>
     <image>animation_5_173.png</image>
     <image>animation_5_174.png</image>
     <image>animation_5_175.png</image>
     <image>animation_5_176.png</image>
     <image>animation_5_177.png</image>
     <image>animation_5_178.png</image>
     <image>animation_5_179.png</image>
</drawables>
