<?xml version="1.0" encoding="utf-8"?>
<drawables>
     <image>animation_2_0.png</image>
     <image>animation_2_1.png</image>
     <image>animation_2_2.png</image>
     <image>animation_2_3.png</image>
     <image>animation_2_4.png</image>
     <image>animation_2_5.png</image>
     <image>animation_2_6.png</image>
     <image>animation_2_7.png</image>
     <image>animation_2_8.png</image>
     <image>animation_2_9.png</image>
     <image>animation_2_10.png</image>
     <image>animation_2_11.png</image>
     <image>animation_2_12.png</image>
     <image>animation_2_13.png</image>
     <image>animation_2_14.png</image>
     <image>animation_2_15.png</image>
     <image>animation_2_16.png</image>
     <image>animation_2_17.png</image>
     <image>animation_2_18.png</image>
     <image>animation_2_19.png</image>
     <image>animation_2_20.png</image>
     <image>animation_2_21.png</image>
     <image>animation_2_22.png</image>
     <image>animation_2_23.png</image>
     <image>animation_2_24.png</image>
     <image>animation_2_25.png</image>
     <image>animation_2_26.png</image>
     <image>animation_2_27.png</image>
     <image>animation_2_28.png</image>
     <image>animation_2_29.png</image>
     <image>animation_2_30.png</image>
     <image>animation_2_31.png</image>
     <image>animation_2_32.png</image>
     <image>animation_2_33.png</image>
     <image>animation_2_34.png</image>
     <image>animation_2_35.png</image>
     <image>animation_2_36.png</image>
     <image>animation_2_37.png</image>
     <image>animation_2_38.png</image>
     <image>animation_2_39.png</image>
     <image>animation_2_40.png</image>
     <image>animation_2_41.png</image>
     <image>animation_2_42.png</image>
     <image>animation_2_43.png</image>
     <image>animation_2_44.png</image>
     <image>animation_2_45.png</image>
     <image>animation_2_46.png</image>
     <image>animation_2_47.png</image>
     <image>animation_2_48.png</image>
     <image>animation_2_49.png</image>
     <image>animation_2_50.png</image>
     <image>animation_2_51.png</image>
     <image>animation_2_52.png</image>
     <image>animation_2_53.png</image>
     <image>animation_2_54.png</image>
     <image>animation_2_55.png</image>
     <image>animation_2_56.png</image>
     <image>animation_2_57.png</image>
     <image>animation_2_58.png</image>
     <image>animation_2_59.png</image>
     <image>animation_2_60.png</image>
     <image>animation_2_61.png</image>
     <image>animation_2_62.png</image>
     <image>animation_2_63.png</image>
     <image>animation_2_64.png</image>
     <image>animation_2_65.png</image>
     <image>animation_2_66.png</image>
     <image>animation_2_67.png</image>
     <image>animation_2_68.png</image>
     <image>animation_2_69.png</image>
     <image>animation_2_70.png</image>
     <image>animation_2_71.png</image>
     <image>animation_2_72.png</image>
     <image>animation_2_73.png</image>
     <image>animation_2_74.png</image>
     <image>animation_2_75.png</image>
     <image>animation_2_76.png</image>
     <image>animation_2_77.png</image>
     <image>animation_2_78.png</image>
     <image>animation_2_79.png</image>
     <image>animation_2_80.png</image>
     <image>animation_2_81.png</image>
     <image>animation_2_82.png</image>
     <image>animation_2_83.png</image>
     <image>animation_2_84.png</image>
     <image>animation_2_85.png</image>
     <image>animation_2_86.png</image>
     <image>animation_2_87.png</image>
     <image>animation_2_88.png</image>
     <image>animation_2_89.png</image>
     <image>animation_2_90.png</image>
     <image>animation_2_91.png</image>
     <image>animation_2_92.png</image>
     <image>animation_2_93.png</image>
     <image>animation_2_94.png</image>
     <image>animation_2_95.png</image>
     <image>animation_2_96.png</image>
     <image>animation_2_97.png</image>
     <image>animation_2_98.png</image>
     <image>animation_2_99.png</image>
     <image>animation_2_100.png</image>
     <image>animation_2_101.png</image>
     <image>animation_2_102.png</image>
     <image>animation_2_103.png</image>
     <image>animation_2_104.png</image>
     <image>animation_2_105.png</image>
     <image>animation_2_106.png</image>
     <image>animation_2_107.png</image>
     <image>animation_2_108.png</image>
     <image>animation_2_109.png</image>
     <image>animation_2_110.png</image>
     <image>animation_2_111.png</image>
     <image>animation_2_112.png</image>
     <image>animation_2_113.png</image>
     <image>animation_2_114.png</image>
     <image>animation_2_115.png</image>
     <image>animation_2_116.png</image>
     <image>animation_2_117.png</image>
     <image>animation_2_118.png</image>
     <image>animation_2_119.png</image>
     <image>animation_2_120.png</image>
     <image>animation_2_121.png</image>
     <image>animation_2_122.png</image>
     <image>animation_2_123.png</image>
     <image>animation_2_124.png</image>
     <image>animation_2_125.png</image>
     <image>animation_2_126.png</image>
     <image>animation_2_127.png</image>
     <image>animation_2_128.png</image>
     <image>animation_2_129.png</image>
     <image>animation_2_130.png</image>
     <image>animation_2_131.png</image>
     <image>animation_2_132.png</image>
     <image>animation_2_133.png</image>
     <image>animation_2_134.png</image>
     <image>animation_2_135.png</image>
     <image>animation_2_136.png</image>
     <image>animation_2_137.png</image>
     <image>animation_2_138.png</image>
     <image>animation_2_139.png</image>
     <image>animation_2_140.png</image>
     <image>animation_2_141.png</image>
     <image>animation_2_142.png</image>
     <image>animation_2_143.png</image>
     <image>animation_2_144.png</image>
     <image>animation_2_145.png</image>
     <image>animation_2_146.png</image>
     <image>animation_2_147.png</image>
     <image>animation_2_148.png</image>
     <image>animation_2_149.png</image>
     <image>animation_2_150.png</image>
     <image>animation_2_151.png</image>
     <image>animation_2_152.png</image>
     <image>animation_2_153.png</image>
     <image>animation_2_154.png</image>
     <image>animation_2_155.png</image>
     <image>animation_2_156.png</image>
     <image>animation_2_157.png</image>
     <image>animation_2_158.png</image>
     <image>animation_2_159.png</image>
     <image>animation_2_160.png</image>
     <image>animation_2_161.png</image>
     <image>animation_2_162.png</image>
     <image>animation_2_163.png</image>
     <image>animation_2_164.png</image>
     <image>animation_2_165.png</image>
     <image>animation_2_166.png</image>
     <image>animation_2_167.png</image>
     <image>animation_2_168.png</image>
     <image>animation_2_169.png</image>
     <image>animation_2_170.png</image>
     <image>animation_2_171.png</image>
     <image>animation_2_172.png</image>
     <image>animation_2_173.png</image>
     <image>animation_2_174.png</image>
     <image>animation_2_175.png</image>
     <image>animation_2_176.png</image>
     <image>animation_2_177.png</image>
     <image>animation_2_178.png</image>
     <image>animation_2_179.png</image>
</drawables>
