<?xml version="1.0" encoding="utf-8"?>
<drawables>
     <image>animation_4_0.png</image>
     <image>animation_4_1.png</image>
     <image>animation_4_2.png</image>
     <image>animation_4_3.png</image>
     <image>animation_4_4.png</image>
     <image>animation_4_5.png</image>
     <image>animation_4_6.png</image>
     <image>animation_4_7.png</image>
     <image>animation_4_8.png</image>
     <image>animation_4_9.png</image>
     <image>animation_4_10.png</image>
     <image>animation_4_11.png</image>
     <image>animation_4_12.png</image>
     <image>animation_4_13.png</image>
     <image>animation_4_14.png</image>
     <image>animation_4_15.png</image>
     <image>animation_4_16.png</image>
     <image>animation_4_17.png</image>
     <image>animation_4_18.png</image>
     <image>animation_4_19.png</image>
     <image>animation_4_20.png</image>
     <image>animation_4_21.png</image>
     <image>animation_4_22.png</image>
     <image>animation_4_23.png</image>
     <image>animation_4_24.png</image>
     <image>animation_4_25.png</image>
     <image>animation_4_26.png</image>
     <image>animation_4_27.png</image>
     <image>animation_4_28.png</image>
     <image>animation_4_29.png</image>
     <image>animation_4_30.png</image>
     <image>animation_4_31.png</image>
     <image>animation_4_32.png</image>
     <image>animation_4_33.png</image>
     <image>animation_4_34.png</image>
     <image>animation_4_35.png</image>
     <image>animation_4_36.png</image>
     <image>animation_4_37.png</image>
     <image>animation_4_38.png</image>
     <image>animation_4_39.png</image>
     <image>animation_4_40.png</image>
     <image>animation_4_41.png</image>
     <image>animation_4_42.png</image>
     <image>animation_4_43.png</image>
     <image>animation_4_44.png</image>
     <image>animation_4_45.png</image>
     <image>animation_4_46.png</image>
     <image>animation_4_47.png</image>
     <image>animation_4_48.png</image>
     <image>animation_4_49.png</image>
     <image>animation_4_50.png</image>
     <image>animation_4_51.png</image>
     <image>animation_4_52.png</image>
     <image>animation_4_53.png</image>
     <image>animation_4_54.png</image>
     <image>animation_4_55.png</image>
     <image>animation_4_56.png</image>
     <image>animation_4_57.png</image>
     <image>animation_4_58.png</image>
     <image>animation_4_59.png</image>
     <image>animation_4_60.png</image>
     <image>animation_4_61.png</image>
     <image>animation_4_62.png</image>
     <image>animation_4_63.png</image>
     <image>animation_4_64.png</image>
     <image>animation_4_65.png</image>
     <image>animation_4_66.png</image>
     <image>animation_4_67.png</image>
     <image>animation_4_68.png</image>
     <image>animation_4_69.png</image>
     <image>animation_4_70.png</image>
     <image>animation_4_71.png</image>
     <image>animation_4_72.png</image>
     <image>animation_4_73.png</image>
     <image>animation_4_74.png</image>
     <image>animation_4_75.png</image>
     <image>animation_4_76.png</image>
     <image>animation_4_77.png</image>
     <image>animation_4_78.png</image>
     <image>animation_4_79.png</image>
     <image>animation_4_80.png</image>
     <image>animation_4_81.png</image>
     <image>animation_4_82.png</image>
     <image>animation_4_83.png</image>
     <image>animation_4_84.png</image>
     <image>animation_4_85.png</image>
     <image>animation_4_86.png</image>
     <image>animation_4_87.png</image>
     <image>animation_4_88.png</image>
     <image>animation_4_89.png</image>
     <image>animation_4_90.png</image>
     <image>animation_4_91.png</image>
     <image>animation_4_92.png</image>
     <image>animation_4_93.png</image>
     <image>animation_4_94.png</image>
     <image>animation_4_95.png</image>
     <image>animation_4_96.png</image>
     <image>animation_4_97.png</image>
     <image>animation_4_98.png</image>
     <image>animation_4_99.png</image>
     <image>animation_4_100.png</image>
     <image>animation_4_101.png</image>
     <image>animation_4_102.png</image>
     <image>animation_4_103.png</image>
     <image>animation_4_104.png</image>
     <image>animation_4_105.png</image>
     <image>animation_4_106.png</image>
     <image>animation_4_107.png</image>
     <image>animation_4_108.png</image>
     <image>animation_4_109.png</image>
     <image>animation_4_110.png</image>
     <image>animation_4_111.png</image>
     <image>animation_4_112.png</image>
     <image>animation_4_113.png</image>
     <image>animation_4_114.png</image>
     <image>animation_4_115.png</image>
     <image>animation_4_116.png</image>
     <image>animation_4_117.png</image>
     <image>animation_4_118.png</image>
     <image>animation_4_119.png</image>
     <image>animation_4_120.png</image>
     <image>animation_4_121.png</image>
     <image>animation_4_122.png</image>
     <image>animation_4_123.png</image>
     <image>animation_4_124.png</image>
     <image>animation_4_125.png</image>
     <image>animation_4_126.png</image>
     <image>animation_4_127.png</image>
     <image>animation_4_128.png</image>
     <image>animation_4_129.png</image>
     <image>animation_4_130.png</image>
     <image>animation_4_131.png</image>
     <image>animation_4_132.png</image>
     <image>animation_4_133.png</image>
     <image>animation_4_134.png</image>
     <image>animation_4_135.png</image>
     <image>animation_4_136.png</image>
     <image>animation_4_137.png</image>
     <image>animation_4_138.png</image>
     <image>animation_4_139.png</image>
     <image>animation_4_140.png</image>
     <image>animation_4_141.png</image>
     <image>animation_4_142.png</image>
     <image>animation_4_143.png</image>
     <image>animation_4_144.png</image>
     <image>animation_4_145.png</image>
     <image>animation_4_146.png</image>
     <image>animation_4_147.png</image>
     <image>animation_4_148.png</image>
     <image>animation_4_149.png</image>
     <image>animation_4_150.png</image>
     <image>animation_4_151.png</image>
     <image>animation_4_152.png</image>
     <image>animation_4_153.png</image>
     <image>animation_4_154.png</image>
     <image>animation_4_155.png</image>
     <image>animation_4_156.png</image>
     <image>animation_4_157.png</image>
     <image>animation_4_158.png</image>
     <image>animation_4_159.png</image>
     <image>animation_4_160.png</image>
     <image>animation_4_161.png</image>
     <image>animation_4_162.png</image>
     <image>animation_4_163.png</image>
     <image>animation_4_164.png</image>
     <image>animation_4_165.png</image>
     <image>animation_4_166.png</image>
     <image>animation_4_167.png</image>
     <image>animation_4_168.png</image>
     <image>animation_4_169.png</image>
     <image>animation_4_170.png</image>
     <image>animation_4_171.png</image>
     <image>animation_4_172.png</image>
     <image>animation_4_173.png</image>
     <image>animation_4_174.png</image>
     <image>animation_4_175.png</image>
     <image>animation_4_176.png</image>
     <image>animation_4_177.png</image>
     <image>animation_4_178.png</image>
     <image>animation_4_179.png</image>
</drawables>
