<clockskin>
    <drawable>
        <name>image1.png</name>
    </drawable>
    <drawable>
        <name>digital1.xml</name>
        <arraytype>5</arraytype>
        <centerX>54</centerX>
        <centerY>-24</centerY>
    </drawable>
    <drawable>
        <name>digital2.xml</name>
        <arraytype>2</arraytype>
        <centerX>97</centerX>
        <centerY>2</centerY>
    </drawable>
    <drawable>
        <name>digital3.xml</name>
        <arraytype>16</arraytype>
        <centerX>128</centerX>
        <centerY>27</centerY>
    </drawable>
    <drawable>
        <name>digital4.xml</name>
        <arraytype>6</arraytype>
        <centerX>-102</centerX>
        <centerY>0</centerY>
    </drawable>
    <drawable>
        <name>digital5.xml</name>
        <arraytype>14</arraytype>
        <centerX>55</centerX>
        <centerY>93</centerY>
    </drawable>
</clockskin>
