<clockskin>
    <drawable>
        <name>image1.png</name>
    </drawable>
    <drawable>
        <rotate>3</rotate>
        <mulrotate>1</mulrotate>
        <name>image2.png</name>
    </drawable>
    <drawable>
        <name>image3.png</name>
    </drawable>
    <drawable>
        <rotate>7</rotate>
        <direction>2</direction>
        <mulrotate>1</mulrotate>
        <centerX>-97</centerX>
        <centerY>0</centerY>
        <name>image4.png</name>
    </drawable>
    <drawable>
        <name>image5.png</name>
    </drawable>
    <drawable>
        <rotate>2</rotate>
        <direction>2</direction>
        <mulrotate>1</mulrotate>
        <centerX>-79</centerX>
        <centerY>0</centerY>
        <name>image6.png</name>
    </drawable>
    <drawable>
        <name>image7.png</name>
    </drawable>
    <drawable>
        <rotate>3</rotate>
        <direction>2</direction>
        <mulrotate>1</mulrotate>
        <centerX>-16</centerX>
        <centerY>0</centerY>
        <name>image6.png</name>
    </drawable>
    <drawable>
        <name>image9.png</name>
    </drawable>
    <drawable>
        <rotate>6</rotate>
        <mulrotate>1</mulrotate>
        <centerX>-3</centerX>
        <centerY>3</centerY>
        <name>image10.png</name>
    </drawable>
    <drawable>
        <rotate>6</rotate>
        <mulrotate>1</mulrotate>
        <centerX>0</centerX>
        <centerY>-1</centerY>
        <name>image11.png</name>
    </drawable>
    <drawable>
        <name>image12.png</name>
    </drawable>
    <drawable>
        <name>digital1.xml</name>
        <arraytype>7</arraytype>
        <centerX>47</centerX>
        <centerY>0</centerY>
    </drawable>
    <drawable>
        <name>digital2.xml</name>
        <arraytype>5</arraytype>
        <centerX>52</centerX>
        <centerY>-46</centerY>
    </drawable>
    <drawable>
        <name>digital3.xml</name>
        <arraytype>4</arraytype>
        <centerX>41</centerX>
        <centerY>49</centerY>
    </drawable>
    <drawable>
        <name>digital4.xml</name>
        <arraytype>3</arraytype>
        <centerX>86</centerX>
        <centerY>49</centerY>
    </drawable>
    <drawable>
        <name>digital5.xml</name>
        <arraytype>16</arraytype>
        <centerX>147</centerX>
        <centerY>49</centerY>
    </drawable>
    <drawable>
        <name>digital6.xml</name>
        <arraytype>11</arraytype>
        <centerX>145</centerX>
        <centerY>-46</centerY>
    </drawable>
</clockskin>
