<clockskin>
    <drawable>
        <name>image1.png</name>
    </drawable>
    <drawable>
        <rotate>6</rotate>
        <direction>2</direction>
        <mulrotate>2</mulrotate>
        <centerX>0</centerX>
        <centerY>107</centerY>
        <name>image2.png</name>
    </drawable>
    <drawable>
        <name>image3.png</name>
    </drawable>
    <drawable>
        <name>digital1.xml</name>
        <arraytype>12</arraytype>
        <centerX>24</centerX>
        <centerY>-94</centerY>
    </drawable>
    <drawable>
        <name>digital2.xml</name>
        <arraytype>13</arraytype>
        <centerX>55</centerX>
        <centerY>-63</centerY>
    </drawable>
    <drawable>
        <name>image4.png</name>
    </drawable>
    <drawable>
        <name>digital3.xml</name>
        <arraytype>4</arraytype>
        <centerX>122</centerX>
        <centerY>4</centerY>
    </drawable>
    <drawable>
        <name>digital4.xml</name>
        <arraytype>11</arraytype>
        <centerX>-36</centerX>
        <centerY>-63</centerY>
    </drawable>
    <drawable>
        <name>image5.png</name>
    </drawable>
    <drawable>
        <rotate>1</rotate>
        <mulrotate>1</mulrotate>
        <name>image6.png</name>
    </drawable>
    <drawable>
        <rotate>2</rotate>
        <mulrotate>1</mulrotate>
        <name>image7.png</name>
    </drawable>
    <drawable>
        <rotate>3</rotate>
        <mulrotate>1</mulrotate>
        <name>image8.png</name>
    </drawable>
    <drawable>
        <name>image9.png</name>
    </drawable>
</clockskin>
