<?xml version="1.0" encoding="utf-8"?>
<clockskin>
	<drawable>
		<name>bg.png</name>
	</drawable>
	<drawable>
		<name>h.png</name>
		<rotate>1</rotate>
	</drawable>
	<drawable>
		<name>m.png</name>
		<rotate>2</rotate>
	</drawable>
	<drawable>
		<name>s.png</name>
		<rotate>3</rotate>
	</drawable>
	<drawable>
		<name>wd.xml</name>
		<arraytype>5</arraytype>
		<centerX>90</centerX>
	</drawable>
	<drawable>
		<name>md.xml</name>
		<arraytype>4</arraytype>
		<centerX>141</centerX>
	</drawable>
<!--COMMENTED BY ClockSkinMaker
<metadata gui='rra' version='1.6.0.0'/>
-->
</clockskin>