<clockskin>
    <drawable>
        <name>image1.png</name>
    </drawable>
    <drawable>
        <name>digital1.xml</name>
        <arraytype>6</arraytype>
        <centerX>111</centerX>
        <centerY>0</centerY>
    </drawable>
    <drawable>
        <arraytype>100</arraytype>
        <centerX>-50</centerX>
        <centerY>0</centerY>
        <range>40</range>
        <cls>org.chromium.webapk.shell_apk.h2o.H2OOpaqueMainActivity</cls>
        <pkg>org.chromium.webapk.a234cbce0c27c2762</pkg>
    </drawable>
    <drawable>
        <name>image2.png</name>
    </drawable>
</clockskin>
<!-- Created on WatchFace Designer 0.14.2 beta -->
<!-- Exported for Android 7.1+ Stock ClockSkin Engine -->
