<?xml version="1.0" encoding="utf-8"?>
<clockskin>
	<drawable>
		<name>SH all in one_5.png</name>
		<rotate>3</rotate>
		<mulrotate>7</mulrotate>
	</drawable>
	<drawable>
		<name>SH ring.png</name>
		<rotate>3</rotate>
	</drawable>
	<drawable>
		<name>Sec ticks.png</name>
	</drawable>
	<drawable>
		<name>HM colon mask.png</name>
		<centerY>5</centerY>
	</drawable>
	<drawable>
		<name>HM.xml</name>
		<arraytype>6</arraytype>
		<centerY>5</centerY>
	</drawable>
	<drawable>
		<name>Nerrow mask_1.png</name>
		<centerX>-97</centerX>
		<centerY>5</centerY>
	</drawable>
	<drawable>
		<name>Nerrow mask.png</name>
		<centerX>97</centerX>
		<centerY>6</centerY>
	</drawable>
	<drawable>
		<name>WD.xml</name>
		<arraytype>5</arraytype>
		<centerX>77</centerX>
		<centerY>-84</centerY>
	</drawable>
	<drawable>
		<name>MONTH.xml</name>
		<arraytype>3</arraytype>
		<centerX>-77</centerX>
		<centerY>-84</centerY>
	</drawable>
	<drawable>
		<name>DAY.xml</name>
		<arraytype>4</arraytype>
		<centerY>-154</centerY>
	</drawable>
	<drawable>
		<name>Mask.png</name>
	</drawable>
	<drawable>
		<name>BATT ROTATE.png</name>
		<rotate>6</rotate>
		<centerY>80</centerY>
		<direction>2</direction>
	</drawable>
	<drawable>
		<name>SH.png</name>
		<rotate>3</rotate>
	</drawable>
<!--COMMENTED BY ClockSkinMaker
<metadata gui='rra' version='2.0.0.2'/>
-->
</clockskin>