<?xml version="1.0" encoding="utf-8"?>
<drawables>
	<image>MONTH_jan.png</image>
	<image>MONTH_feb.png</image>
	<image>MONTH_mar.png</image>
	<image>MONTH_apr.png</image>
	<image>MONTH_may.png</image>
	<image>MONTH_jun.png</image>
	<image>MONTH_jul.png</image>
	<image>MONTH_aug.png</image>
	<image>MONTH_sep.png</image>
	<image>MONTH_oct.png</image>
	<image>MONTH_nov.png</image>
	<image>MONTH_dec.png</image>
<!--COMMENTED BY ClockSkinMaker
<metadata gui='rra' version='2.0.0.2' type='array_month' autoscale='1' font='Times New Roman' fontstyle='Regular' fontsize='13,34746'>
<content>янв</content>
<content>фев</content>
<content>мар</content>
<content>апр</content>
<content>май</content>
<content>июн</content>
<content>июл</content>
<content>авг</content>
<content>сен</content>
<content>окт</content>
<content>ноя</content>
<content>дек</content>
</metadata>
-->
</drawables>