<clockskin>
    <drawable>
        <name>image1.png</name>
    </drawable>
    <drawable>
        <name>digital1.xml</name>
        <arraytype>7</arraytype>
        <centerX>-83</centerX>
        <centerY>-14</centerY>
    </drawable>
    <drawable>
        <name>digital2.xml</name>
        <arraytype>8</arraytype>
        <centerX>91</centerX>
        <centerY>-14</centerY>
    </drawable>
    <drawable>
        <name>image2.png</name>
    </drawable>
    <drawable>
        <name>digital3.xml</name>
        <arraytype>13</arraytype>
        <centerX>2</centerX>
        <centerY>-83</centerY>
    </drawable>
    <drawable>
        <rotate>3</rotate>
        <mulrotate>1</mulrotate>
        <centerX>1</centerX>
        <centerY>77</centerY>
        <name>image3.png</name>
    </drawable>
    <drawable>
        <rotate>6</rotate>
        <mulrotate>1</mulrotate>
        <centerX>1</centerX>
        <centerY>77</centerY>
        <name>image4.png</name>
    </drawable>
    <drawable>
        <name>digital4.xml</name>
        <arraytype>12</arraytype>
        <centerX>-92</centerX>
        <centerY>95</centerY>
    </drawable>
    <drawable>
        <name>digital5.xml</name>
        <arraytype>2</arraytype>
        <centerX>-92</centerX>
        <centerY>-93</centerY>
    </drawable>
    <drawable>
        <name>digital6.xml</name>
        <arraytype>5</arraytype>
        <centerX>87</centerX>
        <centerY>-93</centerY>
    </drawable>
    <drawable>
        <name>digital7.xml</name>
        <arraytype>11</arraytype>
        <centerX>94</centerX>
        <centerY>95</centerY>
    </drawable>
    <drawable>
        <name>image5.png</name>
    </drawable>
    <drawable>
        <rotate>1</rotate>
        <mulrotate>1</mulrotate>
        <name>image6.png</name>
    </drawable>
    <drawable>
        <rotate>2</rotate>
        <mulrotate>1</mulrotate>
        <name>image7.png</name>
    </drawable>
    <drawable>
        <rotate>3</rotate>
        <mulrotate>1</mulrotate>
        <name>image8.png</name>
    </drawable>
</clockskin>
