<clockskin>
    <drawable>
        <name>image1.png</name>
    </drawable>
    <drawable>
        <name>digital1.xml</name>
        <arraytype>7</arraytype>
        <centerX>73</centerX>
        <centerY>-87</centerY>
    </drawable>
    <drawable>
        <name>image2.png</name>
    </drawable>
    <drawable>
        <name>digital2.xml</name>
        <arraytype>8</arraytype>
        <centerX>73</centerX>
        <centerY>0</centerY>
    </drawable>
    <drawable>
        <name>image3.png</name>
    </drawable>
    <drawable>
        <name>digital3.xml</name>
        <arraytype>9</arraytype>
        <centerX>73</centerX>
        <centerY>86</centerY>
    </drawable>
    <drawable>
        <name>image4.png</name>
    </drawable>
    <drawable>
        <name>digital4.xml</name>
        <arraytype>5</arraytype>
        <centerX>-101</centerX>
        <centerY>-33</centerY>
    </drawable>
    <drawable>
        <name>digital5.xml</name>
        <arraytype>4</arraytype>
        <centerX>-81</centerX>
        <centerY>35</centerY>
    </drawable>
    <drawable>
        <name>image5.png</name>
        <rotate>3</rotate>
        <mulrotate>5</mulrotate>
        <centerX>-25</centerX>
        <centerY>157</centerY>
    </drawable>
    <drawable>
        <name>image6.png</name>
        <rotate>3</rotate>
        <direction>2</direction>
        <mulrotate>5</mulrotate>
        <centerX>-102</centerX>
        <centerY>-115</centerY>
    </drawable>
    <drawable>
        <name>image7.png</name>
        <rotate>3</rotate>
        <direction>2</direction>
        <mulrotate>10</mulrotate>
        <centerX>-17</centerX>
        <centerY>-165</centerY>
    </drawable>
    <drawable>
        <name>image8.png</name>
        <rotate>3</rotate>
        <direction>2</direction>
        <mulrotate>20</mulrotate>
        <centerX>-114</centerX>
        <centerY>110</centerY>
    </drawable>
    <drawable>
        <name>image9.png</name>
    </drawable>
</clockskin>
