<?xml version="1.0" encoding="utf-8"?>
<clockskin>
	<drawable>
		<name>image.png</name>
	</drawable>
	<drawable>
		<name>small_1.png</name>
		<rotate>6</rotate>
		<centerX>101</centerX>
		<centerY>-1</centerY>
		<mulrotate>2</mulrotate>
	</drawable>
	<drawable>
		<name>smallr_1.png</name>
		<rotate>6</rotate>
		<centerX>100</centerX>
		<mulrotate>2</mulrotate>
	</drawable>
	<drawable>
		<name>small.png</name>
		<rotate>2</rotate>
		<centerX>-99</centerX>
		<centerY>-1</centerY>
	</drawable>
	<drawable>
		<name>smallr.png</name>
		<rotate>2</rotate>
		<centerX>-100</centerX>
	</drawable>
	<drawable>
		<name>hrd.png</name>
		<rotate>1</rotate>
		<centerX>-1</centerX>
		<centerY>1</centerY>
	</drawable>
	<drawable>
		<name>hrl.png</name>
		<rotate>1</rotate>
		<centerX>1</centerX>
		<centerY>-1</centerY>
	</drawable>
	<drawable>
		<name>hr.png</name>
		<rotate>1</rotate>
	</drawable>
	<drawable>
		<name>hrcirc.png</name>
	</drawable>
	<drawable>
		<name>mincentb.png</name>
	</drawable>
	<drawable>
		<name>minbackdtrit.png</name>
		<rotate>2</rotate>
		<centerX>-1</centerX>
		<centerY>1</centerY>
	</drawable>
	<drawable>
		<name>minltt.png</name>
		<rotate>2</rotate>
		<centerX>1</centerX>
		<centerY>-1</centerY>
	</drawable>
	<drawable>
		<name>mincents.png</name>
	</drawable>
	<drawable>
		<name>mintextrit.png</name>
		<rotate>2</rotate>
	</drawable>
	<drawable>
		<name>seccntshade.png</name>
	</drawable>
	<drawable>
		<name>bgtrit.png</name>
		<rotate>3</rotate>
		<centerX>-1</centerX>
		<centerY>1</centerY>
	</drawable>
	<drawable>
		<name>seclt.png</name>
		<rotate>3</rotate>
		<centerX>1</centerX>
		<centerY>-1</centerY>
	</drawable>
	<drawable>
		<name>sectexf.png</name>
		<rotate>3</rotate>
	</drawable>
	<drawable>
		<name>secnt.png</name>
	</drawable>
<!--COMMENTED BY ClockSkinMaker
<metadata gui='rra' version='1.4.0.0'/>
-->
</clockskin>