<clockskin>
    <drawable>
        <name>image1.png</name>
    </drawable>
    <drawable>
        <rotate>3</rotate>
        <mulrotate>25</mulrotate>
        <centerX>-43</centerX>
        <centerY>74</centerY>
        <name>image2.png</name>
    </drawable>
    <drawable>
        <name>image3.png</name>
    </drawable>
    <drawable>
        <rotate>7</rotate>
        <mulrotate>1</mulrotate>
        <centerX>-79</centerX>
        <centerY>-4</centerY>
        <name>image4.png</name>
    </drawable>
    <drawable>
        <name>image5.png</name>
    </drawable>
    <drawable>
        <rotate>3</rotate>
        <mulrotate>1</mulrotate>
        <movement>1</movement>
        <centerX>49</centerX>
        <centerY>59</centerY>
        <name>image6.png</name>
    </drawable>
    <drawable>
        <name>image7.png</name>
    </drawable>
    <drawable>
        <rotate>1</rotate>
        <mulrotate>1</mulrotate>
        <centerX>5</centerX>
        <centerY>5</centerY>
        <name>image8.png</name>
    </drawable>
    <drawable>
        <rotate>1</rotate>
        <mulrotate>1</mulrotate>
        <name>image9.png</name>
    </drawable>
    <drawable>
        <rotate>2</rotate>
        <mulrotate>1</mulrotate>
        <movement>1</movement>
        <centerX>7</centerX>
        <centerY>7</centerY>
        <name>image10.png</name>
    </drawable>
    <drawable>
        <rotate>2</rotate>
        <mulrotate>1</mulrotate>
        <movement>1</movement>
        <name>image11.png</name>
    </drawable>
    <drawable>
        <name>image12.png</name>
    </drawable>
</clockskin>
