<clockskin>
    <drawable>
        <name>image1.png</name>
    </drawable>
    <drawable>
        <name>digital1.xml</name>
        <arraytype>14</arraytype>
        <centerX>-400</centerX>
        <centerY>0</centerY>
    </drawable>
    <drawable>
        <name>digital2.xml</name>
        <arraytype>14</arraytype>
    </drawable>
    <drawable>
        <name>digital3.xml</name>
        <arraytype>14</arraytype>
        <centerX>400</centerX>
        <centerY>0</centerY>
    </drawable>
    <drawable>
        <name>digital4.xml</name>
        <arraytype>12</arraytype>
        <centerX>-400</centerX>
        <centerY>0</centerY>
    </drawable>
    <drawable>
        <name>digital5.xml</name>
        <arraytype>12</arraytype>
    </drawable>
    <drawable>
        <name>digital6.xml</name>
        <arraytype>12</arraytype>
        <centerX>400</centerX>
        <centerY>0</centerY>
    </drawable>
    <drawable>
        <name>image2.png</name>
    </drawable>
    <drawable>
        <name>digital7.xml</name>
        <arraytype>3</arraytype>
        <centerX>134</centerX>
        <centerY>28</centerY>
    </drawable>
    <drawable>
        <name>digital8.xml</name>
        <arraytype>4</arraytype>
        <centerX>164</centerX>
        <centerY>28</centerY>
    </drawable>
    <drawable>
        <name>image3.png</name>
    </drawable>
    <drawable>
        <name>digital9.xml</name>
        <arraytype>10</arraytype>
        <centerX>-129</centerX>
        <centerY>15</centerY>
    </drawable>
    <drawable>
        <name>digital10.xml</name>
        <arraytype>11</arraytype>
        <centerX>-89</centerX>
        <centerY>35</centerY>
    </drawable>
    <drawable>
        <name>image4.png</name>
    </drawable>
    <drawable>
        <name>digital11.xml</name>
        <arraytype>19</arraytype>
        <centerX>-68</centerX>
        <centerY>77</centerY>
    </drawable>
    <drawable>
        <name>digital12.xml</name>
        <arraytype>19</arraytype>
        <centerX>-21</centerX>
        <centerY>96</centerY>
    </drawable>
    <drawable>
        <name>image5.png</name>
    </drawable>
    <drawable>
        <name>digital13.xml</name>
        <arraytype>13</arraytype>
        <centerX>-6</centerX>
        <centerY>158</centerY>
    </drawable>
    <drawable>
        <name>image6.png</name>
    </drawable>
    <drawable>
        <name>digital14.xml</name>
        <arraytype>6</arraytype>
        <centerX>-36</centerX>
        <centerY>-55</centerY>
    </drawable>
    <drawable>
        <name>digital15.xml</name>
        <arraytype>7</arraytype>
        <centerX>-92</centerX>
        <centerY>-77</centerY>
    </drawable>
    <drawable>
        <name>digital16.xml</name>
        <arraytype>8</arraytype>
        <centerX>-6</centerX>
        <centerY>11</centerY>
    </drawable>
    <drawable>
        <name>digital17.xml</name>
        <arraytype>9</arraytype>
        <centerX>81</centerX>
        <centerY>98</centerY>
    </drawable>
    <drawable>
        <name>image7.png</name>
    </drawable>
    <drawable>
     <arraytype>100</arraytype>
     <centerX>-14</centerX>
     <centerY>-150</centerY>
     <range>40</range>
     <cls>com.android.dialer.DialtactsWearActivity</cls>
        <pkg>com.android.dialer</pkg>
    </drawable>
    <drawable>
      <arraytype>100</arraytype>
        <centerX>46</centerX>
        <centerY>-87</centerY>
        <range>40</range>
        <cls>com.android.mms.ui.BootActivity</cls>
        <pkg>com.android.mms</pkg>
    </drawable>
    <drawable>
	<arraytype>100</arraytype>
	<centerX>107</centerX>
	<centerY>-25</centerY>
	<range>40</range>
	<cls>com.google.android.apps.googleassistant.AssistantActivity</cls>
	<pkg>com.google.android.apps.googleassistant</pkg>
    </drawable>
    <drawable>
	<arraytype>100</arraytype>
	<centerX>-129</centerX>
	<centerY>15</centerY>
	<range>40</range>
	<cls>com.android.watchweather.WeatherActivity</cls>
        <pkg>com.android.watchweather</pkg>
    </drawable>
    <drawable>
	<arraytype>100</arraytype>
	<centerX>-8</centerX>
	<centerY>135</centerY>
	<range>40</range>
	<cls>com.cenon.heartrate.HeartRateMonitorActivity</cls>
	<pkg>com.cenon.heartrate</pkg>
    </drawable>
    <drawable>
	<arraytype>100</arraytype>
	<centerX>146</centerX>
	<centerY>26</centerY>
	<range>40</range>
	<cls>com.android.calendar.AllInOneActivity</cls>
        <pkg>com.android.calendar</pkg>
    </drawable>
    <drawable>
	<arraytype>100</arraytype>
	<centerX>-3</centerX>
	<centerY>9</centerY>
	<range>40</range>
	<cls>com.android.systemui.settings.BrightnessDialog</cls>
	<pkg>com.android.systemui</pkg>
    </drawable>
</clockskin>
