<?xml version="1.0" encoding="utf-8"?>
<clockskin>
	<drawable>
		<name>Tag.png</name>
	</drawable>
	<drawable>
		<name>weekday_array.xml</name>
		<arraytype>5</arraytype>
		<centerX>-62</centerX>
		<centerY>-86</centerY>
	</drawable>
	<drawable>
		<name>date_1.xml</name>
		<arraytype>14</arraytype>
		<centerX>1</centerX>
		<centerY>-101</centerY>
	</drawable>
	<drawable>
		<name>date.xml</name>
		<arraytype>14</arraytype>
		<centerX>-372</centerX>
		<centerY>-101</centerY>
	</drawable>
	<drawable>
		<name>date_b1.xml</name>
		<arraytype>14</arraytype>
		<centerX>372</centerX>
		<centerY>-102</centerY>
	</drawable>
	<drawable>
		<name>pr.png</name>
		<centerY>-100</centerY>
	</drawable>
	<drawable>
		<name>col_1_2.png</name>
		<centerX>25</centerX>
		<centerY>60</centerY>
	</drawable>
	<drawable>
		<name>date_2_1.xml</name>
		<arraytype>4</arraytype>
		<centerX>98</centerX>
		<centerY>-1</centerY>
	</drawable>
	<drawable>
		<name>date_2_2.xml</name>
		<arraytype>6</arraytype>
		<centerX>-31</centerX>
		<centerY>60</centerY>
	</drawable>
	<drawable>
		<name>date_2.xml</name>
		<arraytype>9</arraytype>
		<centerX>56</centerX>
		<centerY>60</centerY>
	</drawable>
	<drawable>
		<name>h1S.png</name>
		<rotate>1</rotate>
		<centerX>-3</centerX>
		<centerY>6</centerY>
	</drawable>
	<drawable>
		<name>h1.png</name>
		<rotate>1</rotate>
	</drawable>
	<drawable>
		<name>m1S.png</name>
		<rotate>2</rotate>
		<centerX>-4</centerX>
		<centerY>8</centerY>
	</drawable>
	<drawable>
		<name>m1.png</name>
		<rotate>2</rotate>
	</drawable>
	<drawable>
		<name>s02s.png</name>
		<rotate>3</rotate>
		<centerX>-5</centerX>
		<centerY>11</centerY>
	</drawable>
	<drawable>
		<name>s02.png</name>
		<rotate>3</rotate>
	</drawable>
<!--COMMENTED BY ClockSkinMaker
<metadata gui='rra' version='1.6.0.0'/>
-->
</clockskin>