<?xml version="1.0" encoding="utf-8"?>
<clockskin>
	<drawable>
		<name>image1.png</name>
	</drawable>
	<drawable>
		<name>digital1.xml</name>
		<arraytype>10</arraytype>
		<centerX>-3</centerX>
		<centerY>35</centerY>
	</drawable>
	<drawable>
		<name>digital2.xml</name>
		<arraytype>6</arraytype>
		<centerX>-6</centerX>
		<centerY>-98</centerY>
	</drawable>
	<drawable>
		<name>digital3.xml</name>
		<arraytype>9</arraytype>
		<centerX>114</centerX>
		<centerY>-113</centerY>
	</drawable>
	<drawable>
		<name>digital4.xml</name>
		<arraytype>5</arraytype>
		<centerX>-71</centerX>
		<centerY>-58</centerY>
	</drawable>
	<drawable>
		<name>digital5.xml</name>
		<arraytype>4</arraytype>
		<centerX>-3</centerX>
		<centerY>-58</centerY>
	</drawable>
	<drawable>
		<name>digital6.xml</name>
		<arraytype>3</arraytype>
		<centerX>61</centerX>
		<centerY>-58</centerY>
	</drawable>
	<drawable>
		<name>digital7.xml</name>
		<arraytype>19</arraytype>
		<centerX>130</centerX>
		<centerY>16</centerY>
	</drawable>
	<drawable>
		<name>digital8.xml</name>
		<arraytype>11</arraytype>
		<centerX>73</centerX>
		<centerY>138</centerY>
	</drawable>
	<drawable>
		<name>digital9.xml</name>
		<arraytype>14</arraytype>
		<centerX>-131</centerX>
		<centerY>-10</centerY>
	</drawable>
	<drawable>
		<name>digital10.xml</name>
		<arraytype>16</arraytype>
		<centerX>-142</centerX>
		<centerY>33</centerY>
	</drawable>
	<drawable>
		<name>digital11.xml</name>
		<arraytype>10</arraytype>
		<centerX>-47</centerX>
		<centerY>138</centerY>
	</drawable>
	<drawable>
		<name>image2.png</name>
		<centerX>7</centerX>
	</drawable>
	<drawable>
		<name>digital12.xml</name>
		<arraytype>12</arraytype>
		<centerX>109</centerX>
		<centerY>110</centerY>
	</drawable>
	<drawable>
		<name>digital13.xml</name>
		<arraytype>13</arraytype>
		<centerX>53</centerX>
		<centerY>171</centerY>
	</drawable>
	<drawable>
		<name>image3.png</name>
	</drawable>
<!--COMMENTED BY ClockSkinMaker
<metadata gui='rra' version='1.4.0.0'/>
-->
</clockskin>