<clockskin>
    <drawable>
        <name>image1.png</name>
    </drawable>
    <drawable>
        <name>digital1.xml</name>
        <arraytype>7</arraytype>
        <centerX>-48</centerX>
        <centerY>-74</centerY>
    </drawable>
    <drawable>
        <name>image2.png</name>
    </drawable>
    <drawable>
        <rotate>2</rotate>
        <direction>2</direction>
        <mulrotate>1</mulrotate>
        <movement>1</movement>
        <centerX>-48</centerX>
        <centerY>48</centerY>
        <name>image3.png</name>
    </drawable>
</clockskin>
