<clockskin>
    <drawable>
        <name>image1.png</name>
    </drawable>
    <drawable>
        <name>digital1.xml</name>
        <arraytype>7</arraytype>
        <centerX>-145</centerX>
        <centerY>-55</centerY>
    </drawable>
    <drawable>
        <name>digital2.xml</name>
        <arraytype>8</arraytype>
        <centerX>-145</centerX>
        <centerY>10</centerY>
    </drawable>
    <drawable>
        <name>digital3.xml</name>
        <arraytype>9</arraytype>
        <centerX>-145</centerX>
        <centerY>75</centerY>
    </drawable>
    <drawable>
        <name>digital4.xml</name>
        <arraytype>12</arraytype>
        <centerX>0</centerX>
        <centerY>176</centerY>
    </drawable>
    <drawable>
        <name>digital5.xml</name>
        <arraytype>14</arraytype>
        <centerX>226</centerX>
        <centerY>-63</centerY>
    </drawable>
    <drawable>
        <name>digital6.xml</name>
        <arraytype>14</arraytype>
        <centerX>157</centerX>
        <centerY>-4</centerY>
    </drawable>
    <drawable>
        <name>image2.png</name>
    </drawable>
    <drawable>
        <name>digital7.xml</name>
        <arraytype>6</arraytype>
        <centerX>136</centerX>
        <centerY>-80</centerY>
    </drawable>
    <drawable>
        <name>digital8.xml</name>
        <arraytype>6</arraytype>
        <centerX>136</centerX>
        <centerY>-80</centerY>
    </drawable>
    <drawable>
        <name>digital9.xml</name>
        <arraytype>13</arraytype>
        <centerX>170</centerX>
        <centerY>-49</centerY>
    </drawable>
    <drawable>
        <name>digital10.xml</name>
        <arraytype>10</arraytype>
        <centerX>-121</centerX>
        <centerY>-117</centerY>
    </drawable>
    <drawable>
        <name>image3.png</name>
    </drawable>
    <drawable>
        <name>digital11.xml</name>
        <arraytype>4</arraytype>
        <centerX>149</centerX>
        <centerY>55</centerY>
    </drawable>
    <drawable>
        <name>digital12.xml</name>
        <arraytype>5</arraytype>
        <centerX>151</centerX>
        <centerY>29</centerY>
    </drawable>
    <drawable>
        <name>digital13.xml</name>
        <arraytype>3</arraytype>
        <centerX>150</centerX>
        <centerY>80</centerY>
    </drawable>
    <drawable>
        <name>digital14.xml</name>
        <arraytype>16</arraytype>
        <centerX>-446</centerX>
        <centerY>103</centerY>
    </drawable>
    <drawable>
        <name>digital14.xml</name>
        <arraytype>16</arraytype>
        <centerX>-52</centerX>
        <centerY>111</centerY>
    </drawable>
    <drawable>
        <name>digital14.xml</name>
        <arraytype>16</arraytype>
        <centerX>342</centerX>
        <centerY>118</centerY>
    </drawable>
    <drawable>
        <name>digital14.xml</name>
        <arraytype>16</arraytype>
        <centerX>735</centerX>
        <centerY>126</centerY>
    </drawable>
    <drawable>
        <name>digital15.xml</name>
        <arraytype>19</arraytype>
        <centerX>-124</centerX>
        <centerY>120</centerY>
    </drawable>
    <drawable>
        <name>digital16.xml</name>
        <arraytype>19</arraytype>
        <centerX>-86</centerX>
        <centerY>110</centerY>
    </drawable>
</clockskin>
