<?xml version="1.0" encoding="utf-8"?>
<clockskin>
	<drawable>
		<name>image1.png</name>
	</drawable>
	<drawable>
		<color>1</color>
		<arraytype>99</arraytype>
		<centerX>-25</centerX>
		<centerY>-129</centerY>
	</drawable>
	<drawable>
		<name>image2.png</name>
		<rotate>1</rotate>
		<mulrotate>1</mulrotate>
	</drawable>
	<drawable>
		<name>image3.png</name>
		<rotate>2</rotate>
		<mulrotate>1</mulrotate>
	</drawable>
	<drawable>
		<name>image4.png</name>
		<rotate>3</rotate>
		<centerX>-1</centerX>
	</drawable>
<!--COMMENTED BY ClockSkinMaker
<metadata gui='rra' version='1.6.0.0'/>
-->
</clockskin>