<?xml version="1.0" encoding="utf-8"?>
<drawables>
     <image>fr_000.png</image>
     <image>fr_001.png</image>
     <image>fr_002.png</image>
     <image>fr_003.png</image>
     <image>fr_004.png</image>
     <image>fr_005.png</image>
     <image>fr_006.png</image>
     <image>fr_007.png</image>
     <image>fr_008.png</image>
     <image>fr_009.png</image>
     <image>fr_010.png</image>
     <image>fr_011.png</image>
     <image>fr_012.png</image>
     <image>fr_013.png</image>
     <image>fr_014.png</image>
     <image>fr_015.png</image>
     <image>fr_016.png</image>
     <image>fr_017.png</image>
     <image>fr_018.png</image>
     <image>fr_019.png</image>
     <image>fr_020.png</image>
     <image>fr_021.png</image>
     <image>fr_022.png</image>
     <image>fr_023.png</image>
     <image>fr_024.png</image>
     <image>fr_025.png</image>
     <image>fr_026.png</image>
     <image>fr_027.png</image>
     <image>fr_028.png</image>
     <image>fr_029.png</image>
     <image>fr_030.png</image>
     <image>fr_031.png</image>
     <image>fr_032.png</image>
     <image>fr_033.png</image>
     <image>fr_034.png</image>
     <image>fr_035.png</image>
     <image>fr_036.png</image>
     <image>fr_037.png</image>
     <image>fr_038.png</image>
     <image>fr_039.png</image>
     <image>fr_040.png</image>
     <image>fr_041.png</image>
     <image>fr_042.png</image>
     <image>fr_043.png</image>
     <image>fr_044.png</image>
     <image>fr_045.png</image>
     <image>fr_046.png</image>
     <image>fr_047.png</image>
     <image>fr_048.png</image>
     <image>fr_049.png</image>
     <image>fr_050.png</image>
     <image>fr_051.png</image>
     <image>fr_052.png</image>
     <image>fr_053.png</image>
     <image>fr_054.png</image>
     <image>fr_055.png</image>
     <image>fr_056.png</image>
     <image>fr_058.png</image>
     <image>fr_059.png</image>
     <image>fr_060.png</image>
     <image>fr_061.png</image>
     <image>fr_062.png</image>
     <image>fr_063.png</image>
     <image>fr_064.png</image>
     <image>fr_065.png</image>
     <image>fr_066.png</image>
     <image>fr_067.png</image>
     <image>fr_068.png</image>
     <image>fr_069.png</image>
     <image>fr_070.png</image>
     <image>fr_071.png</image>
     <image>fr_072.png</image>
     <image>fr_073.png</image>
     <image>fr_074.png</image>
     <image>fr_075.png</image>
     <image>fr_076.png</image>
     <image>fr_077.png</image>
     <image>fr_078.png</image>
     <image>fr_079.png</image>
     <image>fr_080.png</image>
     <image>fr_081.png</image>
     <image>fr_082.png</image>
     <image>fr_083.png</image>
     <image>fr_084.png</image>
     <image>fr_085.png</image>
     <image>fr_086.png</image>
     <image>fr_087.png</image>
     <image>fr_088.png</image>
     <image>fr_089.png</image>
     <image>fr_090.png</image>
 </drawables>