<clockskin>
    <drawable>
        <name>image1.png</name>
    </drawable>
    <drawable>
        <rotate>3</rotate>
        <mulrotate>-10</mulrotate>
        <name>image2.png</name>
    </drawable>
    <drawable>
        <rotate>9</rotate>
        <mulrotate>7</mulrotate>
        <centerX>151</centerX>
        <centerY>-17</centerY>
        <name>image3.png</name>
    </drawable>
    <drawable>
        <name>empty.png</name>
        <rotate>10</rotate>
        <direction>2</direction>
        <mulrotate>-1</mulrotate>
    </drawable>
    <drawable>
        <rotate>10</rotate>
        <mulrotate>-3</mulrotate>
        <centerX>118</centerX>
        <centerY>134</centerY>
        <name>image4.png</name>
    </drawable>
    <drawable>
        <name>image5.png</name>
    </drawable>
    <drawable>
        <name>digital1.xml</name>
        <arraytype>12</arraytype>
        <centerX>-6</centerX>
        <centerY>-52</centerY>
    </drawable>
    <drawable>
        <rotate>2</rotate>
        <mulrotate>0</mulrotate>
        <centerX>-1</centerX>
        <centerY>1</centerY>
        <name>image6.png</name>
    </drawable>
    <drawable>
        <rotate>1</rotate>
        <mulrotate>1</mulrotate>
        <name>image7.png</name>
    </drawable>
    <drawable>
        <name>image8.png</name>
    </drawable>
    <drawable>
        <rotate>2</rotate>
        <mulrotate>1</mulrotate>
        <name>image9.png</name>
    </drawable>
    <drawable>
        <rotate>1</rotate>
        <mulrotate>1</mulrotate>
        <name>image10.png</name>
    </drawable>
    <drawable>
        <name>digital2.xml</name>
        <arraytype>14</arraytype>
        <centerX>-971</centerX>
        <centerY>31</centerY>
    </drawable>
    <drawable>
        <name>digital2.xml</name>
        <arraytype>14</arraytype>
        <centerX>-567</centerX>
        <centerY>45</centerY>
    </drawable>
    <drawable>
        <name>digital2.xml</name>
        <arraytype>14</arraytype>
        <centerX>-164</centerX>
        <centerY>57</centerY>
    </drawable>
    <drawable>
        <name>digital2.xml</name>
        <arraytype>14</arraytype>
        <centerX>239</centerX>
        <centerY>68</centerY>
    </drawable>
    <drawable>
        <name>digital3.xml</name>
        <arraytype>6</arraytype>
        <centerX>0</centerX>
        <centerY>-95</centerY>
    </drawable>
    <drawable>
        <name>empty.png</name>
        <rotate>8</rotate>
        <direction>2</direction>
        <mulrotate>-1</mulrotate>
    </drawable>
    <drawable>
        <rotate>8</rotate>
        <mulrotate>140</mulrotate>
        <centerX>-12</centerX>
        <centerY>0</centerY>
        <name>image11.png</name>
    </drawable>
    <drawable>
        <rotate>3</rotate>
        <mulrotate>0</mulrotate>
        <name>image12.png</name>
    </drawable>
</clockskin>
