<?xml version="1.0" encoding="utf-8"?>
<clockskin>
	<drawable>
		<name>image1.png</name>
	</drawable>
	<drawable>
		<name>digital1.xml</name>
		<arraytype>19</arraytype>
	</drawable>
	<drawable>
		<name>image2.png</name>
		<rotate>3</rotate>
	</drawable>
	<drawable>
		<name>image3.png</name>
		<rotate>1</rotate>
	</drawable>
	<drawable>
		<name>image4.png</name>
		<rotate>2</rotate>
	</drawable>
<!--COMMENTED BY ClockSkinMaker
<metadata gui='rra' version='2.0.0.2'/>
-->
</clockskin>