<?xml version="1.0" encoding="utf-8"?>
<drawables>
     <image>animation_6_0.png</image>
     <image>animation_6_0.png</image>
     <image>animation_6_0.png</image>
     <image>animation_6_0.png</image>
     <image>animation_6_0.png</image>
     <image>animation_6_0.png</image>
     <image>animation_3_6.png</image>
     <image>animation_3_6.png</image>
     <image>animation_3_6.png</image>
     <image>animation_3_6.png</image>
     <image>animation_3_6.png</image>
     <image>animation_3_6.png</image>
     <image>animation_3_6.png</image>
     <image>animation_3_6.png</image>
     <image>animation_3_6.png</image>
     <image>animation_3_6.png</image>
     <image>animation_3_6.png</image>
     <image>animation_3_6.png</image>
     <image>animation_6_0.png</image>
     <image>animation_6_0.png</image>
     <image>animation_6_0.png</image>
     <image>animation_6_0.png</image>
     <image>animation_6_0.png</image>
     <image>animation_6_0.png</image>
</drawables>
