<?xml version="1.0" encoding="utf-8"?>
<drawables>
     <image>animation_4_0.png</image>
     <image>animation_4_0.png</image>
     <image>animation_4_0.png</image>
     <image>animation_4_0.png</image>
     <image>animation_4_0.png</image>
     <image>animation_4_0.png</image>
     <image>animation_1_6.png</image>
     <image>animation_1_6.png</image>
     <image>animation_1_6.png</image>
     <image>animation_1_6.png</image>
     <image>animation_1_6.png</image>
     <image>animation_1_6.png</image>
     <image>animation_1_6.png</image>
     <image>animation_1_6.png</image>
     <image>animation_1_6.png</image>
     <image>animation_1_6.png</image>
     <image>animation_1_6.png</image>
     <image>animation_1_6.png</image>
     <image>animation_4_0.png</image>
     <image>animation_4_0.png</image>
     <image>animation_4_0.png</image>
     <image>animation_4_0.png</image>
     <image>animation_4_0.png</image>
     <image>animation_4_0.png</image>
</drawables>
