<?xml version="1.0" encoding="utf-8"?>
<drawables>
     <image>animation_3_0.png</image>
     <image>animation_3_1.png</image>
     <image>animation_3_0.png</image>
     <image>animation_3_0.png</image>
     <image>animation_3_0.png</image>
     <image>animation_3_0.png</image>
     <image>animation_3_0.png</image>
     <image>animation_3_0.png</image>
     <image>animation_3_0.png</image>
     <image>animation_3_1.png</image>
     <image>animation_3_10.png</image>
     <image>animation_3_0.png</image>
     <image>animation_3_0.png</image>
     <image>animation_3_0.png</image>
     <image>animation_3_0.png</image>
     <image>animation_3_0.png</image>
     <image>animation_3_0.png</image>
     <image>animation_3_0.png</image>
     <image>animation_3_0.png</image>
     <image>animation_3_0.png</image>
     <image>animation_3_0.png</image>
     <image>animation_3_0.png</image>
     <image>animation_3_1.png</image>
     <image>animation_3_23.png</image>
     <image>animation_3_24.png</image>
     <image>animation_3_0.png</image>
     <image>animation_3_0.png</image>
     <image>animation_3_0.png</image>
     <image>animation_3_0.png</image>
     <image>animation_3_0.png</image>
     <image>animation_3_0.png</image>
     <image>animation_3_0.png</image>
     <image>animation_3_0.png</image>
     <image>animation_3_0.png</image>
     <image>animation_3_0.png</image>
     <image>animation_3_0.png</image>
     <image>animation_3_36.png</image>
     <image>animation_3_0.png</image>
     <image>animation_3_0.png</image>
     <image>animation_3_0.png</image>
     <image>animation_3_24.png</image>
     <image>animation_3_0.png</image>
     <image>animation_3_0.png</image>
     <image>animation_3_0.png</image>
     <image>animation_3_0.png</image>
     <image>animation_3_0.png</image>
     <image>animation_3_46.png</image>
     <image>animation_3_0.png</image>
     <image>animation_3_0.png</image>
     <image>animation_3_0.png</image>
</drawables>
