<clockskin>
    <drawable>
        <name>image1.png</name>
    </drawable>
    <drawable>
        <name>digital1.xml</name>
        <arraytype>3</arraytype>
        <centerX>-27</centerX>
        <centerY>37</centerY>
    </drawable>
    <drawable>
        <name>digital2.xml</name>
        <arraytype>4</arraytype>
        <centerX>27</centerX>
        <centerY>37</centerY>
    </drawable>
    <drawable>
        <name>digital3.xml</name>
        <arraytype>6</arraytype>
        <centerX>-3</centerX>
        <centerY>70</centerY>
    </drawable>
    <drawable>
        <name>animated_image_1.xml</name>
        <framerate>30.00000000000000</framerate>
    </drawable>
    <drawable>
        <name>animated_image_2.xml</name>
        <framerate>10.00000000000000</framerate>
    </drawable>
    <drawable>
        <name>image2.png</name>
    </drawable>
    <drawable>
        <name>animated_image_3.xml</name>
        <framerate>10.00000000000000</framerate>
        <centerX>18</centerX>
        <centerY>-200</centerY>
    </drawable>
    <drawable>
        <name>animated_image_4.xml</name>
        <framerate>5.00000000000000</framerate>
        <centerX>-51</centerX>
        <centerY>129</centerY>
    </drawable>
</clockskin>
