<clockskin>
    <drawable>
        <name>image1.png</name>
    </drawable>
    <drawable>
        <name>digital1.xml</name>
        <arraytype>7</arraytype>
        <centerX>50</centerX>
        <centerY>-88</centerY>
    </drawable>
    <drawable>
        <name>digital2.xml</name>
        <arraytype>8</arraytype>
        <centerX>98</centerX>
        <centerY>-47</centerY>
    </drawable>
    <drawable>
        <name>digital3.xml</name>
        <arraytype>9</arraytype>
        <centerX>59</centerX>
        <centerY>-58</centerY>
    </drawable>
    <drawable>
        <name>digital4.xml</name>
        <arraytype>10</arraytype>
        <centerX>-125</centerX>
        <centerY>-47</centerY>
    </drawable>
    <drawable>
        <name>image2.png</name>
    </drawable>
    <drawable>
        <name>digital5.xml</name>
        <arraytype>13</arraytype>
        <centerX>165</centerX>
        <centerY>47</centerY>
    </drawable>
    <drawable>
        <name>image3.png</name>
    </drawable>
    <drawable>
        <name>digital6.xml</name>
        <arraytype>5</arraytype>
        <centerX>-35</centerX>
        <centerY>133</centerY>
    </drawable>
    <drawable>
        <name>digital7.xml</name>
        <arraytype>4</arraytype>
        <centerX>3</centerX>
        <centerY>133</centerY>
    </drawable>
    <drawable>
        <name>digital8.xml</name>
        <arraytype>16</arraytype>
        <centerX>47</centerX>
        <centerY>133</centerY>
    </drawable>
    <drawable>
        <name>digital9.xml</name>
        <arraytype>14</arraytype>
        <centerX>-19</centerX>
        <centerY>102</centerY>
    </drawable>
    <drawable>
        <rotate>2</rotate>
        <mulrotate>1</mulrotate>
        <centerX>65</centerX>
        <centerY>60</centerY>
        <name>image4.png</name>
    </drawable>
</clockskin>
