<?xml version="1.0" encoding="utf-8"?>
<clockskin>
	<drawable>
		<name>CLOCK 1.png</name>
	</drawable>
	<drawable>
		<name>CLOCK 2.png</name>
	</drawable>
	<drawable>
		<name>CIRCLE 2.png</name>
		<centerX>-66</centerX>
		<centerY>66</centerY>
	</drawable>
	<drawable>
		<name>CIRCLE 1.png</name>
		<centerX>-66</centerX>
		<centerY>-66</centerY>
	</drawable>
	<drawable>
		<name>MONTH.png</name>
		<centerX>-66</centerX>
		<centerY>66</centerY>
	</drawable>
	<drawable>
		<name>Month_t.png</name>
		<centerX>-66</centerX>
		<centerY>81</centerY>
	</drawable>
	<drawable>
		<name>BAT.png</name>
		<centerX>-66</centerX>
		<centerY>-66</centerY>
	</drawable>
	<drawable>
		<name>DAT.png</name>
		<centerX>78</centerX>
		<centerY>48</centerY>
	</drawable>
	<drawable>
		<name>smart_w.png</name>
		<centerX>92</centerX>
		<centerY>89</centerY>
	</drawable>
	<drawable>
		<name>battery.png</name>
		<centerX>-66</centerX>
		<centerY>-51</centerY>
	</drawable>
	<drawable>
		<name>weather_array.xml</name>
		<arraytype>10</arraytype>
		<centerX>92</centerX>
		<centerY>-64</centerY>
	</drawable>
	<drawable>
		<name>DAY.xml</name>
		<arraytype>4</arraytype>
		<centerX>100</centerX>
		<centerY>47</centerY>
	</drawable>
	<drawable>
		<name>weekday.xml</name>
		<arraytype>5</arraytype>
		<centerX>59</centerX>
		<centerY>48</centerY>
	</drawable>
	<drawable>
		<name>TEMP.xml</name>
		<arraytype>11</arraytype>
		<centerX>90</centerX>
		<centerY>-18</centerY>
	</drawable>
	<drawable>
		<name>BAT K_1_1.png</name>
		<rotate>4</rotate>
		<centerX>-66</centerX>
		<centerY>66</centerY>
		<startAngle>360</startAngle>
		<mulrotate>1</mulrotate>
	</drawable>
	<drawable>
		<name>BAT K_1.png</name>
		<rotate>6</rotate>
		<centerX>-66</centerX>
		<centerY>-66</centerY>
		<startAngle>-360</startAngle>
		<mulrotate>2</mulrotate>
	</drawable>
	<drawable>
		<name>kaz m.png</name>
		<rotate>2</rotate>
	</drawable>
	<drawable>
		<name>kaz h.png</name>
		<rotate>1</rotate>
	</drawable>
	<drawable>
		<name>kaz s.png</name>
		<rotate>3</rotate>
	</drawable>
<!--COMMENTED BY ClockSkinMaker
<metadata gui='rra' version='1.4.0.0'/>
-->
</clockskin>