<?xml version="1.0" encoding="utf-8"?>
<drawables>
     <image>digital14_0.png</image>
     <image>digital14_1.png</image>
     <image>digital14_2.png</image>
     <image>digital14_3.png</image>
     <image>digital14_4.png</image>
     <image>digital14_5.png</image>
     <image>digital14_6.png</image>
     <image>digital14_7.png</image>
     <image>digital14_8.png</image>
     <image>digital14_9.png</image>
     <image>digital14_10.png</image>
     <image>digital14_11.png</image>
     <image>digital14_12.png</image>
     <image>digital14_13.png</image>
     <image>digital14_14.png</image>
</drawables>
