<clockskin>
    <drawable>
        <name>image1.png</name>
    </drawable>
    <drawable>
        <name>digital1.xml</name>
        <arraytype>4</arraytype>
        <centerX>-106</centerX>
        <centerY>100</centerY>
    </drawable>
    <drawable>
        <name>digital2.xml</name>
        <arraytype>4</arraytype>
        <centerX>282</centerX>
        <centerY>88</centerY>
    </drawable>
    <drawable>
        <name>image2.png</name>
        <rotate>3</rotate>
        <mulrotate>1</mulrotate>
    </drawable>
    <drawable>
        <name>image3.png</name>
    </drawable>
    <drawable>
        <name>image4.png</name>
        <rotate>7</rotate>
        <mulrotate>1</mulrotate>
        <centerX>87</centerX>
        <centerY>0</centerY>
    </drawable>
    <drawable>
        <name>image5.png</name>
        <rotate>1</rotate>
        <mulrotate>1</mulrotate>
        <centerX>-88</centerX>
        <centerY>0</centerY>
    </drawable>
    <drawable>
        <name>image6.png</name>
    </drawable>
    <drawable>
        <name>image7.png</name>
        <rotate>1</rotate>
        <mulrotate>1</mulrotate>
        <centerX>0</centerX>
        <centerY>-2</centerY>
    </drawable>
    <drawable>
        <name>image8.png</name>
        <rotate>3</rotate>
        <mulrotate>1</mulrotate>
        <centerX>0</centerX>
        <centerY>87</centerY>
    </drawable>
    <drawable>
        <name>image9.png</name>
        <rotate>2</rotate>
        <mulrotate>1</mulrotate>
    </drawable>
    <drawable>
        <name>image10.png</name>
        <rotate>3</rotate>
        <mulrotate>1</mulrotate>
    </drawable>
</clockskin>
