<clockskin>
    <drawable>
        <name>image1.png</name>
    </drawable>
<drawable>
        <arraytype>100</arraytype>
        <range>70</range>
        <cls>com.lumaticsoft.watchdroidassistant.WDPP</cls>
        <pkg>com.lumaticsoft.watchdroidassistant</pkg>
</drawable>
    <drawable>
        <name>digital1.xml</name>
        <arraytype>14</arraytype>
    </drawable>
    <drawable>
        <name>digital2.xml</name>
        <arraytype>14</arraytype>
        <centerX>400</centerX>
        <centerY>0</centerY>
    </drawable>
    <drawable>
        <name>digital3.xml</name>
        <arraytype>14</arraytype>
        <centerX>800</centerX>
        <centerY>0</centerY>
    </drawable>
    <drawable>
        <name>image2.png</name>
    </drawable>
    <drawable>
        <name>digital4.xml</name>
        <arraytype>50</arraytype>
        <centerX>-96</centerX>
        <centerY>77</centerY>
    </drawable>
    <drawable>
        <name>digital5.xml</name>
        <arraytype>12</arraytype>
        <centerX>92</centerX>
        <centerY>77</centerY>
    </drawable>
    <drawable>
        <name>image3.png</name>
    </drawable>
    <drawable>
        <name>digital6.xml</name>
        <arraytype>54</arraytype>
        <centerX>91</centerX>
        <centerY>111</centerY>
    </drawable>
    <drawable>
        <name>digital7.xml</name>
        <arraytype>19</arraytype>
        <centerX>-96</centerX>
        <centerY>111</centerY>
    </drawable>
    <drawable>
        <name>image4.png</name>
    </drawable>
    <drawable>
        <name>digital8.xml</name>
        <arraytype>10</arraytype>
        <centerX>0</centerX>
        <centerY>59</centerY>
    </drawable>
    <drawable>
        <name>image5.png</name>
    </drawable>
    <drawable>
        <name>digital9.xml</name>
        <arraytype>51</arraytype>
        <centerX>-96</centerX>
        <centerY>42</centerY>
    </drawable>
    <drawable>
        <name>digital10.xml</name>
        <arraytype>3</arraytype>
        <centerX>139</centerX>
        <centerY>41</centerY>
    </drawable>
    <drawable>
        <name>image6.png</name>
    </drawable>
    <drawable>
        <name>digital11.xml</name>
        <arraytype>11</arraytype>
        <centerX>-10</centerX>
        <centerY>77</centerY>
    </drawable>
    <drawable>
        <name>digital12.xml</name>
        <arraytype>13</arraytype>
        <centerX>0</centerX>
        <centerY>116</centerY>
    </drawable>
    <drawable>
        <name>digital13.xml</name>
        <arraytype>16</arraytype>
        <centerX>76</centerX>
        <centerY>26</centerY>
    </drawable>
    <drawable>
        <name>image7.png</name>
    </drawable>
    <drawable>
        <rotate>13</rotate>
        <rotatemode>5</rotatemode>
        <startAngle>0</startAngle>
        <angle>357</angle>
        <direction>1</direction>
        <mulrotate>1</mulrotate>
        <name>image8.png</name>
    </drawable>
    <drawable>
        <name>image9.png</name>
    </drawable>
    <drawable>
        <name>digital14.xml</name>
        <arraytype>6</arraytype>
        <centerX>0</centerX>
        <centerY>-44</centerY>
    </drawable>
    <drawable>
        <name>image10.png</name>
    </drawable>
    <drawable>
        <rotate>1</rotate>
        <direction>1</direction>
        <mulrotate>1</mulrotate>
        <name>image11.png</name>
    </drawable>
    <drawable>
        <rotate>2</rotate>
        <direction>1</direction>
        <mulrotate>1</mulrotate>
        <name>image12.png</name>
    </drawable>
    <drawable>
        <name>image13.png</name>
    </drawable>
    <drawable>
        <rotate>3</rotate>
        <direction>1</direction>
        <mulrotate>1</mulrotate>
        <name>image14.png</name>
    </drawable>
    <drawable>
        <name>digital15.xml</name>
        <arraytype>4</arraytype>
        <centerX>139</centerX>
        <centerY>-3</centerY>
    </drawable>
    <drawable>
        <arraytype>100</arraytype>
        <centerX>139</centerX>
        <centerY>-9</centerY>
        <range>40</range>
        <cls>com.android.calendar.AllInOneActivity</cls>
        <pkg>com.android.calendar</pkg>
    </drawable>
</clockskin>
<!-- Created on WatchFace Designer 0.14.2 beta -->
<!-- Exported for Android 7.1+ Stock ClockSkin Engine -->
