<?xml version="1.0" encoding="utf-8"?>
<clockskin>
	<drawable>
		<name>image1.png</name>
	</drawable>
	<drawable>
		<name>digital1.xml</name>
		<arraytype>9</arraytype>
		<centerX>-200</centerX>
	</drawable>
	<drawable>
		<name>digital2.xml</name>
		<arraytype>9</arraytype>
		<centerX>200</centerX>
	</drawable>
	<drawable>
		<name>image2.png</name>
	</drawable>
	<drawable>
		<name>digital3.xml</name>
		<arraytype>7</arraytype>
		<centerY>-51</centerY>
	</drawable>
	<drawable>
		<name>digital4.xml</name>
		<arraytype>8</arraytype>
		<centerY>32</centerY>
	</drawable>
	<drawable>
		<name>digital5.xml</name>
		<arraytype>4</arraytype>
		<centerX>-32</centerX>
		<centerY>-120</centerY>
	</drawable>
	<drawable>
		<name>digital6.xml</name>
		<arraytype>5</arraytype>
		<centerX>19</centerX>
		<centerY>-119</centerY>
	</drawable>
	<drawable>
		<name>digital7.xml</name>
		<arraytype>12</arraytype>
		<centerX>-97</centerX>
		<centerY>-32</centerY>
	</drawable>
	<drawable>
		<name>digital8.xml</name>
		<arraytype>13</arraytype>
		<centerX>-93</centerX>
		<centerY>32</centerY>
	</drawable>
	<drawable>
		<name>digital9.xml</name>
		<arraytype>14</arraytype>
		<centerX>83</centerX>
		<centerY>32</centerY>
	</drawable>
	<drawable>
		<name>digital10.xml</name>
		<arraytype>11</arraytype>
		<centerX>91</centerX>
		<centerY>-30</centerY>
	</drawable>
	<drawable>
		<name>digital11.xml</name>
		<arraytype>9</arraytype>
		<centerY>92</centerY>
	</drawable>
	<drawable>
		<name>digital12.xml</name>
		<arraytype>3</arraytype>
		<centerY>126</centerY>
	</drawable>
	<drawable>
		<name>image3.png</name>
	</drawable>
	<drawable>
		<name>digital13.xml</name>
		<arraytype>10</arraytype>
		<centerX>-86</centerX>
		<centerY>82</centerY>
	</drawable>
	<drawable>
		<name>digital14.xml</name>
		<arraytype>19</arraytype>
		<centerX>86</centerX>
		<centerY>82</centerY>
	</drawable>
	<drawable>
		<name>image4.png</name>
	</drawable>
<!--COMMENTED BY ClockSkinMaker
<metadata gui='rra' version='1.4.0.0'/>
-->
</clockskin>