<clockskin>
    <drawable>
        <name>image1.png</name>
    </drawable>
    <drawable>
	<color>1</color>
        <name>animated_image_1.xml</name>
        <arraytype>62</arraytype>
        <centerX>-1</centerX>
        <centerY>1</centerY>
    </drawable>
    <drawable>
        <name>animated_image_1_bf.xml</name>
        <arraytype>62</arraytype>
    </drawable>
    <drawable>
        <name>image2.png</name>
    </drawable>
    <drawable>
        <rotate>3</rotate>
        <direction>1</direction>
        <mulrotate>1</mulrotate>
        <name>image3.png</name>
    </drawable>
    <drawable>
        <name>image4.png</name>
    </drawable>
    <drawable>
        <rotate>2</rotate>
        <direction>1</direction>
        <mulrotate>1</mulrotate>
        <name>image5.png</name>
    </drawable>
    <drawable>
        <rotate>1</rotate>
        <direction>1</direction>
        <mulrotate>1</mulrotate>
        <name>image6.png</name>
    </drawable>
    <drawable>
        <name>image7.png</name>
    </drawable>
    <drawable>
        <rotate>3</rotate>
        <direction>1</direction>
        <mulrotate>1</mulrotate>
        <name>image8.png</name>
    </drawable>
    <drawable>
        <rotate>3</rotate>
        <direction>1</direction>
        <mulrotate>1</mulrotate>
        <centerX>1</centerX>
        <centerY>0</centerY>
        <name>image9.png</name>
    </drawable>
    <drawable>
        <name>digital1.xml</name>
        <arraytype>4</arraytype>
        <centerX>33</centerX>
        <centerY>0</centerY>
    </drawable>
    <drawable>
        <name>digital2.xml</name>
        <arraytype>5</arraytype>
        <centerX>-26</centerX>
        <centerY>0</centerY>
    </drawable>
    <drawable>
        <name>digital3.xml</name>
        <arraytype>7</arraytype>
        <centerX>0</centerX>
        <centerY>-35</centerY>
    </drawable>
    <drawable>
        <name>digital4.xml</name>
        <arraytype>8</arraytype>
        <centerX>1</centerX>
        <centerY>34</centerY>
    </drawable>
    <drawable>
        <name>image10.png</name>
    </drawable>
    <drawable>
        <arraytype>100</arraytype>
        <centerX>4</centerX>
        <centerY>-143</centerY>
        <range>40</range>
        <cls>com.android.contacts.activities.PeopleActivity</cls>
        <pkg>com.android.contacts</pkg>
    </drawable>
    <drawable>
        <arraytype>100</arraytype>
        <centerX>-1</centerX>
        <centerY>149</centerY>
        <range>40</range>
        <cls>com.android.mms.ui.BootActivity</cls>
        <pkg>com.android.mms</pkg>
    </drawable>
</clockskin>
<!-- Created on WatchFace Designer 0.14.2 beta -->
<!-- Exported for Android 7.1+ Stock ClockSkin Engine -->
