<clockskin>
    <drawable>
        <name>image1.png</name>
    </drawable>
    <drawable>
        <name>animated_image_1.xml</name>
        <arraytype>62</arraytype>
    </drawable>
    <drawable>
        <name>animated_image_1_bf.xml</name>
        <arraytype>62</arraytype>
    </drawable>
    <drawable>
        <name>digital1.xml</name>
        <arraytype>9</arraytype>
        <centerX>-200</centerX>
        <centerY>0</centerY>
    </drawable>
    <drawable>
        <name>digital2.xml</name>
        <arraytype>9</arraytype>
        <centerX>200</centerX>
        <centerY>0</centerY>
    </drawable>
    <drawable>
        <name>digital3.xml</name>
        <arraytype>6</arraytype>
        <centerX>3</centerX>
        <centerY>74</centerY>
    </drawable>
    <drawable>
        <name>digital4.xml</name>
        <arraytype>2</arraytype>
        <centerX>63</centerX>
        <centerY>130</centerY>
    </drawable>
    <drawable>
        <name>digital5.xml</name>
        <arraytype>5</arraytype>
        <centerX>-50</centerX>
        <centerY>130</centerY>
    </drawable>
    <drawable>
        <name>digital6.xml</name>
        <arraytype>14</arraytype>
        <centerX>35</centerX>
        <centerY>164</centerY>
    </drawable>
    <drawable>
        <name>image2.png</name>
    </drawable>
    <drawable>
        <name>digital7.xml</name>
        <arraytype>13</arraytype>
        <centerX>81</centerX>
        <centerY>-116</centerY>
    </drawable>
    <drawable>
        <name>digital8.xml</name>
        <arraytype>12</arraytype>
        <centerX>141</centerX>
        <centerY>-10</centerY>
    </drawable>
    <drawable>
        <name>image3.png</name>
    </drawable>
    <drawable>
        <name>digital9.xml</name>
        <arraytype>11</arraytype>
        <centerX>99</centerX>
        <centerY>-64</centerY>
    </drawable>
    <drawable>
        <name>image4.png</name>
    </drawable>
    <drawable>
        <arraytype>100</arraytype>
        <centerX>164</centerX>
        <centerY>25</centerY>
        <range>40</range>
        <cls>com.google.android.apps.googleassistant.AssistantActivity</cls>
        <pkg>com.google.android.apps.googleassistant</pkg>
    </drawable>
    <drawable>
        <arraytype>100</arraytype>
        <centerX>128</centerX>
        <centerY>-92</centerY>
        <range>40</range>
        <cls>com.android.watchweather.WeatherActivity</cls>
        <pkg>com.android.watchweather</pkg>
    </drawable>
    <drawable>
        <arraytype>100</arraytype>
        <centerX>87</centerX>
        <centerY>-144</centerY>
        <range>40</range>
        <cls>com.wiite.wiite_heartrate.MainActivity</cls>
        <pkg>com.wiite.wiite_heartrate</pkg>
    </drawable>
</clockskin>
<!-- Created on WatchFace Designer 0.14.2 beta -->
<!-- Exported for Android 7.1+ Stock ClockSkin Engine -->
