﻿<clockskin>
    
    
    <drawable>
        <rotate>3</rotate>
        <mulrotate>110</mulrotate>
        <name>image4.png</name>
    </drawable>
    
    <drawable>
        <name>clock_numbers.png</name>
    </drawable>
    
    <drawable>
        <rotate>2</rotate>
        <mulrotate>1</mulrotate>
        <name>image3.png</name>
    </drawable>
    
    <drawable>
        <rotate>1</rotate>
        <mulrotate>1</mulrotate>
        <name>image2.png</name>
    </drawable>
    
    
</clockskin>
