<?xml version="1.0" encoding="utf-8"?>
<drawables>
     <image>animation_9_0.png</image>
     <image>animation_9_1.png</image>
     <image>animation_9_2.png</image>
     <image>animation_9_3.png</image>
     <image>animation_9_4.png</image>
     <image>animation_9_5.png</image>
     <image>animation_9_6.png</image>
     <image>animation_9_7.png</image>
     <image>animation_9_8.png</image>
     <image>animation_9_9.png</image>
     <image>animation_9_10.png</image>
     <image>animation_9_11.png</image>
     <image>animation_9_12.png</image>
     <image>animation_9_13.png</image>
     <image>animation_9_14.png</image>
     <image>animation_9_15.png</image>
     <image>animation_9_16.png</image>
     <image>animation_9_17.png</image>
     <image>animation_9_18.png</image>
     <image>animation_9_19.png</image>
     <image>animation_9_20.png</image>
     <image>animation_9_21.png</image>
     <image>animation_9_22.png</image>
     <image>animation_9_23.png</image>
     <image>animation_9_24.png</image>
     <image>animation_9_25.png</image>
     <image>animation_9_26.png</image>
     <image>animation_9_27.png</image>
     <image>animation_9_28.png</image>
     <image>animation_9_29.png</image>
     <image>animation_9_30.png</image>
     <image>animation_9_31.png</image>
     <image>animation_9_32.png</image>
     <image>animation_9_33.png</image>
     <image>animation_9_34.png</image>
     <image>animation_9_35.png</image>
     <image>animation_9_36.png</image>
     <image>animation_9_37.png</image>
     <image>animation_9_38.png</image>
     <image>animation_9_39.png</image>
     <image>animation_9_40.png</image>
     <image>animation_9_41.png</image>
     <image>animation_9_42.png</image>
     <image>animation_9_43.png</image>
     <image>animation_9_44.png</image>
     <image>animation_9_45.png</image>
     <image>animation_9_46.png</image>
     <image>animation_9_47.png</image>
     <image>animation_9_48.png</image>
     <image>animation_9_49.png</image>
     <image>animation_9_50.png</image>
     <image>animation_9_51.png</image>
     <image>animation_9_52.png</image>
     <image>animation_9_53.png</image>
     <image>animation_9_54.png</image>
     <image>animation_9_55.png</image>
     <image>animation_9_56.png</image>
     <image>animation_9_57.png</image>
     <image>animation_9_58.png</image>
     <image>animation_9_59.png</image>
</drawables>
