<?xml version="1.0" encoding="utf-8"?>
<drawables>
     <image>animation_8_0.png</image>
     <image>animation_8_1.png</image>
     <image>animation_8_2.png</image>
     <image>animation_8_3.png</image>
     <image>animation_8_4.png</image>
     <image>animation_8_5.png</image>
     <image>animation_8_6.png</image>
     <image>animation_8_7.png</image>
     <image>animation_8_8.png</image>
     <image>animation_8_9.png</image>
     <image>animation_8_10.png</image>
     <image>animation_8_11.png</image>
     <image>animation_8_12.png</image>
     <image>animation_8_13.png</image>
     <image>animation_8_14.png</image>
     <image>animation_8_15.png</image>
     <image>animation_8_16.png</image>
     <image>animation_8_17.png</image>
     <image>animation_8_18.png</image>
     <image>animation_8_19.png</image>
     <image>animation_8_20.png</image>
     <image>animation_8_21.png</image>
     <image>animation_8_22.png</image>
     <image>animation_8_23.png</image>
     <image>animation_8_24.png</image>
     <image>animation_8_25.png</image>
     <image>animation_8_26.png</image>
     <image>animation_8_27.png</image>
     <image>animation_8_28.png</image>
     <image>animation_8_29.png</image>
     <image>animation_8_30.png</image>
     <image>animation_8_31.png</image>
     <image>animation_8_32.png</image>
     <image>animation_8_33.png</image>
     <image>animation_8_34.png</image>
     <image>animation_8_35.png</image>
     <image>animation_8_36.png</image>
     <image>animation_8_37.png</image>
     <image>animation_8_38.png</image>
     <image>animation_8_39.png</image>
     <image>animation_8_40.png</image>
     <image>animation_8_41.png</image>
     <image>animation_8_42.png</image>
     <image>animation_8_43.png</image>
     <image>animation_8_44.png</image>
     <image>animation_8_45.png</image>
     <image>animation_8_46.png</image>
     <image>animation_8_47.png</image>
     <image>animation_8_48.png</image>
     <image>animation_8_49.png</image>
     <image>animation_8_50.png</image>
     <image>animation_8_51.png</image>
     <image>animation_8_52.png</image>
     <image>animation_8_53.png</image>
     <image>animation_8_54.png</image>
     <image>animation_8_55.png</image>
     <image>animation_8_56.png</image>
     <image>animation_8_57.png</image>
     <image>animation_8_58.png</image>
     <image>animation_8_59.png</image>
</drawables>
