<?xml version="1.0" encoding="utf-8"?>
<drawables>
     <image>animation_11_0.png</image>
     <image>animation_11_1.png</image>
     <image>animation_11_2.png</image>
     <image>animation_11_3.png</image>
     <image>animation_11_4.png</image>
     <image>animation_11_5.png</image>
     <image>animation_11_6.png</image>
     <image>animation_11_7.png</image>
     <image>animation_11_8.png</image>
     <image>animation_11_9.png</image>
     <image>animation_11_10.png</image>
     <image>animation_11_11.png</image>
</drawables>
