<?xml version="1.0" encoding="utf-8"?>
<drawables>
     <image>animation_14_0.png</image>
     <image>animation_14_1.png</image>
     <image>animation_14_2.png</image>
     <image>animation_14_3.png</image>
     <image>animation_14_4.png</image>
     <image>animation_14_5.png</image>
     <image>animation_14_6.png</image>
     <image>animation_14_7.png</image>
     <image>animation_14_8.png</image>
     <image>animation_14_9.png</image>
     <image>animation_14_10.png</image>
     <image>animation_14_11.png</image>
     <image>animation_14_12.png</image>
     <image>animation_14_13.png</image>
     <image>animation_14_14.png</image>
     <image>animation_14_15.png</image>
     <image>animation_14_16.png</image>
     <image>animation_14_17.png</image>
     <image>animation_14_18.png</image>
     <image>animation_14_19.png</image>
     <image>animation_14_20.png</image>
     <image>animation_14_21.png</image>
     <image>animation_14_22.png</image>
     <image>animation_14_23.png</image>
     <image>animation_14_24.png</image>
     <image>animation_14_25.png</image>
     <image>animation_14_26.png</image>
     <image>animation_14_27.png</image>
     <image>animation_14_28.png</image>
     <image>animation_14_29.png</image>
     <image>animation_14_30.png</image>
     <image>animation_14_31.png</image>
     <image>animation_14_32.png</image>
     <image>animation_14_33.png</image>
     <image>animation_14_34.png</image>
     <image>animation_14_35.png</image>
     <image>animation_14_36.png</image>
     <image>animation_14_37.png</image>
     <image>animation_14_38.png</image>
     <image>animation_14_39.png</image>
     <image>animation_14_40.png</image>
     <image>animation_14_41.png</image>
     <image>animation_14_42.png</image>
     <image>animation_14_43.png</image>
     <image>animation_14_44.png</image>
     <image>animation_14_45.png</image>
     <image>animation_14_46.png</image>
     <image>animation_14_47.png</image>
     <image>animation_14_48.png</image>
     <image>animation_14_49.png</image>
     <image>animation_14_50.png</image>
     <image>animation_14_51.png</image>
     <image>animation_14_52.png</image>
     <image>animation_14_53.png</image>
     <image>animation_14_54.png</image>
     <image>animation_14_55.png</image>
     <image>animation_14_56.png</image>
     <image>animation_14_57.png</image>
     <image>animation_14_58.png</image>
     <image>animation_14_59.png</image>
</drawables>
