<?xml version="1.0" encoding="utf-8"?>
<drawables>
     <image>animation_13_0.png</image>
     <image>animation_13_1.png</image>
     <image>animation_13_2.png</image>
     <image>animation_13_3.png</image>
     <image>animation_13_4.png</image>
     <image>animation_13_5.png</image>
     <image>animation_13_6.png</image>
     <image>animation_13_7.png</image>
     <image>animation_13_8.png</image>
     <image>animation_13_9.png</image>
     <image>animation_13_10.png</image>
     <image>animation_13_11.png</image>
     <image>animation_13_12.png</image>
     <image>animation_13_13.png</image>
     <image>animation_13_14.png</image>
     <image>animation_13_15.png</image>
     <image>animation_13_16.png</image>
     <image>animation_13_17.png</image>
     <image>animation_13_18.png</image>
     <image>animation_13_19.png</image>
     <image>animation_13_20.png</image>
     <image>animation_13_21.png</image>
     <image>animation_13_22.png</image>
     <image>animation_13_23.png</image>
     <image>animation_13_24.png</image>
     <image>animation_13_25.png</image>
     <image>animation_13_26.png</image>
     <image>animation_13_27.png</image>
     <image>animation_13_28.png</image>
     <image>animation_13_29.png</image>
     <image>animation_13_30.png</image>
     <image>animation_13_31.png</image>
     <image>animation_13_32.png</image>
     <image>animation_13_33.png</image>
     <image>animation_13_34.png</image>
     <image>animation_13_35.png</image>
     <image>animation_13_36.png</image>
     <image>animation_13_37.png</image>
     <image>animation_13_38.png</image>
     <image>animation_13_39.png</image>
     <image>animation_13_40.png</image>
     <image>animation_13_41.png</image>
     <image>animation_13_42.png</image>
     <image>animation_13_43.png</image>
     <image>animation_13_44.png</image>
     <image>animation_13_45.png</image>
     <image>animation_13_46.png</image>
     <image>animation_13_47.png</image>
     <image>animation_13_48.png</image>
     <image>animation_13_49.png</image>
     <image>animation_13_50.png</image>
     <image>animation_13_51.png</image>
     <image>animation_13_52.png</image>
     <image>animation_13_53.png</image>
     <image>animation_13_54.png</image>
     <image>animation_13_55.png</image>
     <image>animation_13_56.png</image>
     <image>animation_13_57.png</image>
     <image>animation_13_58.png</image>
     <image>animation_13_59.png</image>
</drawables>
