<clockskin>
    <drawable>
        <name>image1.png</name>
    </drawable>
    <drawable>
        <rotate>3</rotate>
        <direction>2</direction>
        <mulrotate>2</mulrotate>
        <name>image2.png</name>
    </drawable>
    <drawable>
        <rotate>3</rotate>
        <mulrotate>2</mulrotate>
        <name>image3.png</name>
    </drawable>
    <drawable>
        <name>animated_image_1.xml</name>
        <framerate>0.00027777777778</framerate>
        <rotate>3</rotate>
        <mulrotate>2</mulrotate>
    </drawable>
    <drawable>
        <name>animated_image_2.xml</name>
        <framerate>2.00000000000000</framerate>
        <rotate>3</rotate>
        <mulrotate>2</mulrotate>
    </drawable>
    <drawable>
        <name>animated_image_3.xml</name>
        <framerate>0.01666666666667</framerate>
        <rotate>3</rotate>
        <mulrotate>2</mulrotate>
    </drawable>
    <drawable>
        <rotate>3</rotate>
        <mulrotate>2</mulrotate>
        <name>image4.png</name>
    </drawable>
    <drawable>
        <name>animated_image_4.xml</name>
        <framerate>1.00000000000000</framerate>
        <rotate>3</rotate>
        <mulrotate>2</mulrotate>
    </drawable>
    <drawable>
        <rotate>3</rotate>
        <mulrotate>2</mulrotate>
        <name>image5.png</name>
    </drawable>
    <drawable>
        <name>animated_image_5.xml</name>
        <framerate>0.00001157407407</framerate>
        <rotate>3</rotate>
        <mulrotate>2</mulrotate>
    </drawable>
    <drawable>
        <rotate>3</rotate>
        <mulrotate>2</mulrotate>
        <name>image6.png</name>
    </drawable>
    <drawable>
        <name>animated_image_6.xml</name>
        <framerate>0.00027777777778</framerate>
        <rotate>3</rotate>
        <mulrotate>2</mulrotate>
    </drawable>
    <drawable>
        <name>animated_image_7.xml</name>
        <framerate>2.00000000000000</framerate>
        <rotate>3</rotate>
        <mulrotate>2</mulrotate>
    </drawable>
    <drawable>
        <name>animated_image_8.xml</name>
        <framerate>0.01666666666667</framerate>
        <rotate>3</rotate>
        <mulrotate>2</mulrotate>
    </drawable>
    <drawable>
        <rotate>3</rotate>
        <mulrotate>2</mulrotate>
        <name>image7.png</name>
    </drawable>
    <drawable>
        <name>animated_image_9.xml</name>
        <framerate>1.00000000000000</framerate>
        <rotate>3</rotate>
        <mulrotate>2</mulrotate>
    </drawable>
    <drawable>
        <rotate>3</rotate>
        <mulrotate>2</mulrotate>
        <name>image8.png</name>
    </drawable>
    <drawable>
        <name>animated_image_10.xml</name>
        <framerate>0.00001157407407</framerate>
        <rotate>3</rotate>
        <mulrotate>2</mulrotate>
    </drawable>
    <drawable>
        <rotate>3</rotate>
        <mulrotate>2</mulrotate>
        <name>image9.png</name>
    </drawable>
    <drawable>
        <name>animated_image_11.xml</name>
        <framerate>0.00027777777778</framerate>
        <rotate>3</rotate>
        <mulrotate>2</mulrotate>
    </drawable>
    <drawable>
        <name>animated_image_12.xml</name>
        <framerate>2.00000000000000</framerate>
        <rotate>3</rotate>
        <mulrotate>2</mulrotate>
    </drawable>
    <drawable>
        <name>animated_image_13.xml</name>
        <framerate>0.01666666666667</framerate>
        <rotate>3</rotate>
        <mulrotate>2</mulrotate>
    </drawable>
    <drawable>
        <rotate>3</rotate>
        <mulrotate>2</mulrotate>
        <name>image10.png</name>
    </drawable>
    <drawable>
        <name>animated_image_14.xml</name>
        <framerate>1.00000000000000</framerate>
        <rotate>3</rotate>
        <mulrotate>2</mulrotate>
    </drawable>
    <drawable>
        <rotate>3</rotate>
        <mulrotate>2</mulrotate>
        <name>image11.png</name>
    </drawable>
    <drawable>
        <name>animated_image_15.xml</name>
        <framerate>0.00001157407407</framerate>
        <rotate>3</rotate>
        <mulrotate>2</mulrotate>
    </drawable>
    <drawable>
        <name>image12.png</name>
    </drawable>
    <drawable>
        <rotate>2</rotate>
        <mulrotate>1</mulrotate>
        <centerX>5</centerX>
        <centerY>5</centerY>
        <name>image13.png</name>
    </drawable>
    <drawable>
        <rotate>2</rotate>
        <mulrotate>1</mulrotate>
        <name>image14.png</name>
    </drawable>
    <drawable>
        <rotate>1</rotate>
        <mulrotate>1</mulrotate>
        <centerX>5</centerX>
        <centerY>5</centerY>
        <name>image15.png</name>
    </drawable>
    <drawable>
        <rotate>1</rotate>
        <mulrotate>1</mulrotate>
        <name>image16.png</name>
    </drawable>
</clockskin>
