<clockskin>
    <drawable>
        <name>image1.png</name>
    </drawable>
    <drawable>
        <name>digital1.xml</name>
        <arraytype>9</arraytype>
        <centerX>-200</centerX>
        <centerY>-97</centerY>
    </drawable>
    <drawable>
        <name>digital2.xml</name>
        <arraytype>9</arraytype>
        <centerX>200</centerX>
        <centerY>-97</centerY>
    </drawable>
    <drawable>
        <name>digital3.xml</name>
        <arraytype>13</arraytype>
        <centerX>134</centerX>
        <centerY>0</centerY>
    </drawable>
    <drawable>
        <name>image2.png</name>
    </drawable>
    <drawable>
        <name>digital4.xml</name>
        <arraytype>10</arraytype>
        <centerX>69</centerX>
        <centerY>64</centerY>
    </drawable>
    <drawable>
        <name>digital5.xml</name>
        <arraytype>11</arraytype>
        <centerX>83</centerX>
        <centerY>82</centerY>
    </drawable>
    <drawable>
        <name>digital6.xml</name>
        <arraytype>51</arraytype>
        <centerX>83</centerX>
        <centerY>97</centerY>
    </drawable>
    <drawable>
        <name>digital7.xml</name>
        <arraytype>50</arraytype>
        <centerX>83</centerX>
        <centerY>112</centerY>
    </drawable>
    <drawable>
        <name>image3.png</name>
    </drawable>
    <drawable>
        <rotate>7</rotate>
        <direction>1</direction>
        <mulrotate>1</mulrotate>
        <centerX>-106</centerX>
        <centerY>60</centerY>
        <name>image4.png</name>
    </drawable>
    <drawable>
        <rotate>4</rotate>
        <direction>1</direction>
        <mulrotate>1</mulrotate>
        <centerX>-28</centerX>
        <centerY>107</centerY>
        <name>image5.png</name>
    </drawable>
    <drawable>
        <rotate>3</rotate>
        <direction>1</direction>
        <mulrotate>1</mulrotate>
        <centerX>0</centerX>
        <centerY>-97</centerY>
        <name>image6.png</name>
    </drawable>
    <drawable>
        <name>image7.png</name>
    </drawable>
    <drawable>
        <name>digital8.xml</name>
        <arraytype>4</arraytype>
        <centerX>1</centerX>
        <centerY>-171</centerY>
    </drawable>
    <drawable>
        <name>image8.png</name>
    </drawable>
    <drawable>
        <name>digital9.xml</name>
        <arraytype>5</arraytype>
        <centerX>0</centerX>
        <centerY>179</centerY>
    </drawable>
    <drawable>
        <name>digital10.xml</name>
        <arraytype>14</arraytype>
        <centerX>520</centerX>
        <centerY>91</centerY>
    </drawable>
    <drawable>
        <name>digital11.xml</name>
        <arraytype>14</arraytype>
        <centerX>920</centerX>
        <centerY>91</centerY>
    </drawable>
    <drawable>
        <rotate>1</rotate>
        <direction>1</direction>
        <mulrotate>1</mulrotate>
        <name>image9.png</name>
    </drawable>
    <drawable>
        <rotate>2</rotate>
        <direction>1</direction>
        <mulrotate>1</mulrotate>
        <name>image10.png</name>
    </drawable>
</clockskin>
<!-- Created on WatchFace Designer 0.14.2 beta -->
<!-- Exported for Android 7.1+ Stock ClockSkin Engine -->
