<clockskin>
    <drawable>
        <name>image1.png</name>
    </drawable>
    <drawable>
        <name>animated_image_1.xml</name>
        <framerate>0.00333333333333</framerate>
    </drawable>
    <drawable>
        <name>animated_image_2.xml</name>
        <animationStartDelay>1500000</animationStartDelay>
        <framerate>0.00027777777778</framerate>
    </drawable>
    <drawable>
        <name>animated_image_3.xml</name>
        <framerate>0.00002314814815</framerate>
    </drawable>
</clockskin>
