<clockskin>
    <drawable>
        <color>1</color>
        <name>animated_image_1.xml</name>
        <arraytype>62</arraytype>
    </drawable>
    <drawable>
        <name>digital1.xml</name>
        <arraytype>6</arraytype>
        <centerX>100</centerX>
        <centerY>-20</centerY>
    </drawable>
    <drawable>
        <name>digital2.xml</name>
        <arraytype>2</arraytype>
        <centerX>100</centerX>
        <centerY>-70</centerY>
    </drawable>
   <drawable>
        <name>image.png</name>
    </drawable>
</clockskin>
