<clockskin>
    <drawable>
        <name>image1.png</name>
    </drawable>
    <drawable>
        <name>digital1.xml</name>
        <arraytype>6</arraytype>
        <centerX>-10</centerX>
        <centerY>-72</centerY>
    </drawable>
    <drawable>
        <name>digital2.xml</name>
        <arraytype>9</arraytype>
        <centerX>44</centerX>
        <centerY>-71</centerY>
    </drawable>
    <drawable>
        <name>image2.png</name>
    </drawable>
    <drawable>
        <name>digital3.xml</name>
        <arraytype>14</arraytype>
        <centerX>-400</centerX>
        <centerY>0</centerY>
    </drawable>
    <drawable>
        <name>digital4.xml</name>
        <arraytype>14</arraytype>
    </drawable>
    <drawable>
        <name>digital5.xml</name>
        <arraytype>14</arraytype>
        <centerX>400</centerX>
        <centerY>0</centerY>
    </drawable>
    <drawable>
        <name>image3.png</name>
    </drawable>
    <drawable>
        <name>digital6.xml</name>
        <arraytype>12</arraytype>
        <centerX>-27</centerX>
        <centerY>-7</centerY>
    </drawable>
</clockskin>
