<?xml version="1.0" encoding="utf-8"?>
<clockskin>
	<drawable>
		<name>image1.png</name>
	</drawable>
	<drawable>
		<name>image2.png</name>
		<rotate>3</rotate>
		<centerX>-47</centerX>
		<centerY>20</centerY>
		<direction>2</direction>
		<mulrotate>3</mulrotate>
	</drawable>
	<drawable>
		<name>image3.png</name>
		<rotate>3</rotate>
		<centerX>47</centerX>
		<centerY>19</centerY>
		<direction>2</direction>
		<mulrotate>3</mulrotate>
	</drawable>
	<drawable>
		<name>ground.png</name>
	</drawable>
	<drawable>
		<name>image5-sh.png</name>
		<rotate>6</rotate>
		<centerY>83</centerY>
		<mulrotate>2</mulrotate>
	</drawable>
	<drawable>
		<name>image5.png</name>
		<rotate>6</rotate>
		<centerY>77</centerY>
		<mulrotate>2</mulrotate>
	</drawable>
	<drawable>
		<name>dot 2.png</name>
		<centerY>78</centerY>
	</drawable>
	<drawable>
		<name>image6.png</name>
	</drawable>
	<drawable>
		<name>image8.png</name>
	</drawable>
	<drawable>
		<name>image11-sh.png</name>
		<rotate>3</rotate>
		<centerX>91</centerX>
		<centerY>6</centerY>
	</drawable>
	<drawable>
		<name>image9.png</name>
		<rotate>3</rotate>
		<centerX>91</centerX>
	</drawable>
	<drawable>
		<name>dot_1.png</name>
		<centerX>91</centerX>
	</drawable>
	<drawable>
		<name>image10.png</name>
	</drawable>
	<drawable>
		<name>image11-sh_1.png</name>
		<rotate>3</rotate>
		<centerX>-91</centerX>
		<centerY>6</centerY>
		<mulrotate>2</mulrotate>
	</drawable>
	<drawable>
		<name>image11.png</name>
		<rotate>3</rotate>
		<centerX>-91</centerX>
		<mulrotate>2</mulrotate>
	</drawable>
	<drawable>
		<name>dot_2.png</name>
		<centerX>-91</centerX>
	</drawable>
	<drawable>
		<name>image12.png</name>
	</drawable>
	<drawable>
		<name>digital1.xml</name>
		<arraytype>4</arraytype>
		<centerY>122</centerY>
	</drawable>
	<drawable>
		<name>image13.png</name>
	</drawable>
	<drawable>
		<name>image16-sh.png</name>
		<rotate>1</rotate>
		<centerY>5</centerY>
	</drawable>
	<drawable>
		<name>image16.png</name>
		<rotate>1</rotate>
	</drawable>
	<drawable>
		<name>image14-sh.png</name>
		<rotate>2</rotate>
		<centerY>6</centerY>
	</drawable>
	<drawable>
		<name>image14.png</name>
		<rotate>2</rotate>
		<mulrotate>1</mulrotate>
	</drawable>
	<drawable>
		<name>sec-sh.png</name>
		<rotate>3</rotate>
		<centerY>8</centerY>
	</drawable>
	<drawable>
		<name>second.png</name>
		<rotate>3</rotate>
	</drawable>
<!--COMMENTED BY ClockSkinMaker
<metadata gui='rra' version='2.0.0.2'/>
-->
</clockskin>