<?xml version="1.0" encoding="utf-8"?>
<clockskin>
	<drawable>
		<name>_002.png</name>
		<rotate>3</rotate>
		<mulrotate>47</mulrotate>
	</drawable>
	<drawable>
		<name>_00.png</name>
		<centerX>214</centerX>
		<centerY>84</centerY>
	</drawable>
	<drawable>
		<name>image2.png</name>
		<rotate>1</rotate>
		<mulrotate>-1</mulrotate>
	</drawable>
	<drawable>
		<name>image3.png</name>
		<rotate>3</rotate>
		<centerX>38</centerX>
		<centerY>156</centerY>
		<direction>1</direction>
	</drawable>
	<drawable>
		<name>digital1.xml</name>
		<arraytype>10</arraytype>
		<centerX>23</centerX>
		<centerY>-125</centerY>
	</drawable>
	<drawable>
		<name>digital2.xml</name>
		<arraytype>19</arraytype>
		<centerX>-36</centerX>
		<centerY>-24</centerY>
	</drawable>
	<drawable>
		<name>image4.png</name>
	</drawable>
	<drawable>
		<name>digital3.xml</name>
		<arraytype>6</arraytype>
		<centerX>-114</centerX>
		<centerY>-22</centerY>
	</drawable>
	<drawable>
		<name>digital4.xml</name>
		<arraytype>11</arraytype>
		<centerX>114</centerX>
		<centerY>-95</centerY>
	</drawable>
	<drawable>
		<name>digital5.xml</name>
		<arraytype>14</arraytype>
		<centerX>-90</centerX>
		<centerY>11</centerY>
	</drawable>
	<drawable>
		<name>image5.png</name>
	</drawable>
<!--COMMENTED BY ClockSkinMaker
<metadata gui='rra' version='1.4.0.0'/>
-->
</clockskin>