<clockskin>
    <drawable>
        <name>image1.png</name>
    </drawable>
    <drawable>
        <name>image2.png</name>
        <rotate>6</rotate>
        <direction>2</direction>
        <mulrotate>2</mulrotate>
        <centerX>-77</centerX>
        <centerY>-45</centerY>
    </drawable>
    <drawable>
        <name>image3.png</name>
    </drawable>
    <drawable>
        <name>image4.png</name>
        <rotate>1</rotate>
        <mulrotate>1</mulrotate>
        <centerX>85</centerX>
        <centerY>-46</centerY>
    </drawable>
    <drawable>
        <name>image5.png</name>
    </drawable>
    <drawable>
        <name>digital1.xml</name>
        <arraytype>4</arraytype>
        <centerX>-1</centerX>
        <centerY>163</centerY>
    </drawable>
    <drawable>
        <name>image6.png</name>
        <rotate>5</rotate>
        <mulrotate>1</mulrotate>
        <centerX>3</centerX>
        <centerY>102</centerY>
    </drawable>
    <drawable>
        <name>image7.png</name>
        <rotate>1</rotate>
        <mulrotate>1</mulrotate>
    </drawable>
    <drawable>
        <name>image8.png</name>
        <rotate>2</rotate>
        <mulrotate>1</mulrotate>
    </drawable>
    <drawable>
        <name>image9.png</name>
        <rotate>3</rotate>
        <mulrotate>1</mulrotate>
    </drawable>
</clockskin>
