<?xml version="1.0" encoding="utf-8"?>
<clockskin>
	<drawable>
		<name>face.png</name>
	</drawable>
	<drawable>
		<name>week.xml</name>
		<centerX>-110</centerX>
		<centerY>-70</centerY>
		<arraytype>5</arraytype>
	</drawable>
	<drawable>
		<name>battery.png</name>
		<centerX>0</centerX>
		<centerY>-70</centerY>
		<rotate>6</rotate>
	</drawable>
	<drawable>
		<name>pedometer_animation.xml</name>
		<centerX>-690</centerX>
		<centerY>-70</centerY>
		<arraytype>12</arraytype>
	</drawable>
	<drawable>
		<name>pedometer.xml</name>
		<centerX>0</centerX>
		<centerY>-150</centerY>
		<arraytype>12</arraytype>
	</drawable>
	<drawable>
		<name>hours.xml</name>
		<centerX>-120</centerX>
		<centerY>40</centerY>
		<arraytype>7</arraytype>
	</drawable>
	<drawable>
		<name>minutes.xml</name>
		<centerX>0</centerX>
		<centerY>40</centerY>
		<arraytype>8</arraytype>
	</drawable>
	<drawable>
		<name>seconds.xml</name>
		<centerX>120</centerX>
		<centerY>40</centerY>
		<arraytype>9</arraytype>
	</drawable>
<!--COMMENTED BY ClockSkinMaker
<metadata gui='rra' version='1.4.0.0'/>
-->
</clockskin>