<clockskin>
    <drawable>
        <name>image1.png</name>
    </drawable>
    <drawable>
        <name>digital1.xml</name>
        <arraytype>6</arraytype>
        <centerX>73</centerX>
        <centerY>113</centerY>
    </drawable>
    <drawable>
        <name>digital2.xml</name>
        <arraytype>2</arraytype>
        <centerX>91</centerX>
        <centerY>73</centerY>
    </drawable>
    <drawable>
        <name>digital3.xml</name>
        <arraytype>5</arraytype>
        <centerX>42</centerX>
        <centerY>73</centerY>
    </drawable>
    <drawable>
        <arraytype>99</arraytype>
        <centerX>0</centerX>
        <centerY>73</centerY>
    </drawable>
</clockskin>
