<clockskin>
    <drawable>
        <name>image1.png</name>
    </drawable>
    <drawable>
        <rotate>20</rotate>
        <direction>2</direction>
        <mulrotate>1</mulrotate>
        <centerX>-52</centerX>
        <centerY>0</centerY>
        <name>image2.png</name>
    </drawable>
    <drawable>
        <rotate>20</rotate>
        <mulrotate>1</mulrotate>
        <centerX>-45</centerX>
        <centerY>0</centerY>
        <name>image3.png</name>
    </drawable>
    <drawable>
        <rotate>5</rotate>
        <direction>2</direction>
        <mulrotate>1</mulrotate>
        <centerX>-24</centerX>
        <centerY>-4</centerY>
        <name>image4.png</name>
    </drawable>
    <drawable>
        <rotate>3</rotate>
        <mulrotate>10</mulrotate>
        <centerX>-4</centerX>
        <centerY>28</centerY>
        <name>image5.png</name>
    </drawable>
    <drawable>
        <rotate>3</rotate>
        <direction>2</direction>
        <mulrotate>3</mulrotate>
        <centerX>-30</centerX>
        <centerY>-18</centerY>
        <name>image6.png</name>
    </drawable>
    <drawable>
        <rotate>3</rotate>
        <mulrotate>7</mulrotate>
        <centerX>29</centerX>
        <centerY>-17</centerY>
        <name>image7.png</name>
    </drawable>
    <drawable>
        <name>image8.png</name>
    </drawable>
    <drawable>
        <rotate>3</rotate>
        <direction>2</direction>
        <mulrotate>10</mulrotate>
        <centerX>-92</centerX>
        <centerY>58</centerY>
        <name>image5.png</name>
    </drawable>
    <drawable>
        <rotate>3</rotate>
        <direction>2</direction>
        <mulrotate>3</mulrotate>
        <centerX>-59</centerX>
        <centerY>58</centerY>
        <name>image10.png</name>
    </drawable>
    <drawable>
        <rotate>3</rotate>
        <mulrotate>7</mulrotate>
        <centerX>-76</centerX>
        <centerY>85</centerY>
        <name>image11.png</name>
    </drawable>
    <drawable>
        <rotate>3</rotate>
        <mulrotate>360</mulrotate>
        <centerX>-77</centerX>
        <centerY>68</centerY>
        <name>image12.png</name>
    </drawable>
    <drawable>
        <rotate>3</rotate>
        <direction>2</direction>
        <mulrotate>5</mulrotate>
        <movement>1</movement>
        <centerX>-77</centerX>
        <centerY>68</centerY>
        <name>image13.png</name>
    </drawable>
    <drawable>
        <name>image14.png</name>
    </drawable>
    <drawable>
        <rotate>8</rotate>
        <mulrotate>1</mulrotate>
        <movement>2</movement>
        <centerX>0</centerX>
        <centerY>5</centerY>
        <name>image15.png</name>
    </drawable>
    <drawable>
        <rotate>1</rotate>
        <mulrotate>1</mulrotate>
        <name>image16.png</name>
    </drawable>
    <drawable>
        <rotate>9</rotate>
        <mulrotate>1</mulrotate>
        <movement>1</movement>
        <centerX>0</centerX>
        <centerY>5</centerY>
        <name>image17.png</name>
    </drawable>
    <drawable>
        <rotate>2</rotate>
        <mulrotate>1</mulrotate>
        <movement>1</movement>
        <name>image18.png</name>
    </drawable>
    <drawable>
        <rotate>10</rotate>
        <mulrotate>1</mulrotate>
        <centerX>2</centerX>
        <centerY>0</centerY>
        <name>image19.png</name>
    </drawable>
    <drawable>
        <rotate>3</rotate>
        <mulrotate>1</mulrotate>
        <centerX>2</centerX>
        <centerY>0</centerY>
        <name>image20.png</name>
    </drawable>
    <drawable>
        <rotate>3</rotate>
        <mulrotate>1</mulrotate>
        <name>image21.png</name>
    </drawable>
    <drawable>
        <rotate>6</rotate>
        <mulrotate>2</mulrotate>
        <name>image22.png</name>
    </drawable>
</clockskin>
