<?xml version="1.0" encoding="utf-8"?>
<drawables>
     <image>animation_2_0.png</image>
     <image>animation_2_1.png</image>
     <image>animation_2_2.png</image>
     <image>animation_2_3.png</image>
     <image>animation_2_4.png</image>
     <image>animation_2_5.png</image>
     <image>animation_2_6.png</image>
     <image>animation_2_7.png</image>
     <image>animation_2_8.png</image>
     <image>animation_2_9.png</image>
     <image>animation_2_10.png</image>
     <image>animation_2_11.png</image>
     <image>animation_2_12.png</image>
     <image>animation_2_13.png</image>
     <image>animation_2_14.png</image>
     <image>animation_2_15.png</image>
     <image>animation_2_16.png</image>
     <image>animation_2_17.png</image>
     <image>animation_2_18.png</image>
     <image>animation_2_19.png</image>
     <image>animation_2_20.png</image>
     <image>animation_2_21.png</image>
     <image>animation_2_22.png</image>
     <image>animation_2_23.png</image>
</drawables>
