<?xml version="1.0" encoding="utf-8"?>
<clockskin>
	<drawable>
		<name>grund.png</name>
	</drawable>
	<drawable>
		<name>weekday.xml</name>
		<arraytype>5</arraytype>
		<centerY>-159</centerY>
	</drawable>
	<drawable>
		<name>hour.xml</name>
		<arraytype>7</arraytype>
		<centerY>-40</centerY>
	</drawable>
	<drawable>
		<name>filter.xml</name>
		<arraytype>7</arraytype>
		<centerX>154</centerX>
		<centerY>-40</centerY>
	</drawable>
	<drawable>
		<name>blende3.png</name>
		<centerX>-100</centerX>
		<centerY>-41</centerY>
	</drawable>
	<drawable>
		<name>battery.xml</name>
		<arraytype>14</arraytype>
		<centerX>-170</centerX>
	</drawable>
	<drawable>
		<name>month.xml</name>
		<arraytype>3</arraytype>
		<centerX>-85</centerX>
		<centerY>150</centerY>
	</drawable>
	<drawable>
		<name>day_1_1.xml</name>
		<arraytype>4</arraytype>
		<centerX>-13</centerX>
		<centerY>150</centerY>
	</drawable>
	<drawable>
		<name>day_1.xml</name>
		<arraytype>16</arraytype>
		<centerX>46</centerX>
		<centerY>150</centerY>
	</drawable>
	<drawable>
		<name>minutelead.xml</name>
		<arraytype>8</arraytype>
		<centerX>220</centerX>
		<centerY>1</centerY>
	</drawable>
	<drawable>
		<name>textmin.xml</name>
		<arraytype>8</arraytype>
		<centerY>40</centerY>
	</drawable>
	<drawable>
		<name>gitter_min_h.xml</name>
		<arraytype>8</arraytype>
		<centerX>260</centerX>
		<centerY>40</centerY>
	</drawable>
	<drawable>
		<name>blende2.png</name>
		<centerX>-130</centerX>
		<centerY>40</centerY>
	</drawable>
	<drawable>
		<name>secondarm.png</name>
		<rotate>3</rotate>
	</drawable>
<!--COMMENTED BY ClockSkinMaker
<metadata gui='rra' version='1.6.0.0'/>
-->
</clockskin>