<?xml version="1.0" encoding="utf-8"?>
<drawables>
	<image>minutelead_num_0.png</image>
	<image>minutelead_num_1.png</image>
	<image>minutelead_num_2.png</image>
	<image>minutelead_num_3.png</image>
	<image>minutelead_num_4.png</image>
	<image>minutelead_num_5.png</image>
	<image>minutelead_num_6.png</image>
	<image>minutelead_num_7.png</image>
	<image>minutelead_num_8.png</image>
	<image>minutelead_num_9.png</image>
	<image>minutelead_num_colon.png</image>
<!--COMMENTED BY ClockSkinMaker
<metadata gui='rra' version='1.6.0.0' type='array_minute' forecolor='FFFFFF' autoscale='1' font='Eurostile' fontstyle='Regular' fontsize='13,95096'>
<content></content>
<content>ten</content>
<content>twenty</content>
<content>thirty</content>
<content>fourty</content>
<content>fivty</content>
<content></content>
<content></content>
<content></content>
<content></content>
<content></content>
</metadata>
-->
</drawables>