<clockskin>
    <drawable>
        <name>image1.png</name>
    </drawable>
    <drawable>
        <rotate>3</rotate>
        <mulrotate>11</mulrotate>
        <name>image2.png</name>
    </drawable>
    <drawable>
        <rotate>3</rotate>
        <direction>2</direction>
        <mulrotate>11</mulrotate>
        <name>image3.png</name>
    </drawable>
    <drawable>
        <name>image4.png</name>
    </drawable>
    <drawable>
        <name>digital1.xml</name>
        <arraytype>14</arraytype>
        <centerX>-267</centerX>
        <centerY>106</centerY>
    </drawable>
    <drawable>
        <name>digital1.xml</name>
        <arraytype>14</arraytype>
        <centerX>121</centerX>
        <centerY>96</centerY>
    </drawable>
    <drawable>
        <name>digital1.xml</name>
        <arraytype>14</arraytype>
        <centerX>510</centerX>
        <centerY>86</centerY>
    </drawable>
    <drawable>
        <rotate>3</rotate>
        <direction>2</direction>
        <mulrotate>1</mulrotate>
        <centerX>1</centerX>
        <centerY>-16</centerY>
        <name>image5.png</name>
    </drawable>
    <drawable>
        <rotate>3</rotate>
        <mulrotate>1</mulrotate>
        <centerX>-2</centerX>
        <centerY>16</centerY>
        <name>image6.png</name>
    </drawable>
    <drawable>
        <name>image7.png</name>
    </drawable>
    <drawable>
        <name>digital2.xml</name>
        <arraytype>9</arraytype>
        <centerX>-200</centerX>
        <centerY>0</centerY>
    </drawable>
    <drawable>
        <name>digital3.xml</name>
        <arraytype>9</arraytype>
        <centerX>200</centerX>
        <centerY>0</centerY>
    </drawable>
    <drawable>
        <name>image8.png</name>
    </drawable>
    <drawable>
        <name>digital4.xml</name>
        <arraytype>7</arraytype>
        <centerX>-128</centerX>
        <centerY>115</centerY>
    </drawable>
    <drawable>
        <name>digital5.xml</name>
        <arraytype>7</arraytype>
        <centerX>272</centerX>
        <centerY>115</centerY>
    </drawable>
    <drawable>
        <name>image9.png</name>
    </drawable>
    <drawable>
        <name>digital6.xml</name>
        <arraytype>9</arraytype>
        <centerX>-85</centerX>
        <centerY>-74</centerY>
    </drawable>
    <drawable>
        <name>image10.png</name>
    </drawable>
    <drawable>
        <name>digital7.xml</name>
        <arraytype>13</arraytype>
        <centerX>74</centerX>
        <centerY>122</centerY>
    </drawable>
    <drawable>
        <name>image11.png</name>
    </drawable>
    <drawable>
        <name>digital8.xml</name>
        <arraytype>6</arraytype>
        <centerX>60</centerX>
        <centerY>-76</centerY>
    </drawable>
    <drawable>
        <name>digital9.xml</name>
        <arraytype>2</arraytype>
        <centerX>-51</centerX>
        <centerY>97</centerY>
    </drawable>
    <drawable>
        <name>image12.png</name>
    </drawable>
    <drawable>
        <name>digital10.xml</name>
        <arraytype>6</arraytype>
        <framerate>3.00000000000000</framerate>
        <centerX>22</centerX>
        <centerY>-37</centerY>
    </drawable>
    <drawable>
        <name>digital11.xml</name>
        <arraytype>6</arraytype>
        <framerate>2.00000000000000</framerate>
        <centerX>-204</centerX>
        <centerY>-50</centerY>
    </drawable>
    <drawable>
        <name>digital12.xml</name>
        <arraytype>6</arraytype>
        <framerate>2.00000000000000</framerate>
        <centerX>-186</centerX>
        <centerY>-12</centerY>
    </drawable>
    <drawable>
        <name>digital13.xml</name>
        <arraytype>6</arraytype>
        <framerate>3.00000000000000</framerate>
        <centerX>-167</centerX>
        <centerY>31</centerY>
    </drawable>
    <drawable>
        <name>digital14.xml</name>
        <arraytype>6</arraytype>
        <framerate>4.00000000000000</framerate>
        <centerX>-96</centerX>
        <centerY>14</centerY>
    </drawable>
    <drawable>
        <name>digital15.xml</name>
        <arraytype>6</arraytype>
        <framerate>2.00000000000000</framerate>
        <centerX>-116</centerX>
        <centerY>14</centerY>
    </drawable>
    <drawable>
        <name>digital16.xml</name>
        <arraytype>6</arraytype>
        <framerate>3.00000000000000</framerate>
        <centerX>-106</centerX>
        <centerY>14</centerY>
    </drawable>
    <drawable>
        <name>digital17.xml</name>
        <arraytype>6</arraytype>
        <framerate>3.00000000000000</framerate>
        <centerX>197</centerX>
        <centerY>14</centerY>
    </drawable>
    <drawable>
        <name>digital18.xml</name>
        <arraytype>6</arraytype>
        <framerate>4.00000000000000</framerate>
        <centerX>187</centerX>
        <centerY>14</centerY>
    </drawable>
    <drawable>
        <name>digital19.xml</name>
        <arraytype>6</arraytype>
        <framerate>2.00000000000000</framerate>
        <centerX>207</centerX>
        <centerY>14</centerY>
    </drawable>
</clockskin>
