<?xml version="1.0" encoding="utf-8"?>
<drawables>
     <name>animated_image_81.xml</name>
     <name>animated_image_82.xml</name>
     <name>animated_image_83.xml</name>
     <name>animated_image_84.xml</name>
     <name>animated_image_85.xml</name>
     <name>animated_image_86.xml</name>
     <name>animated_image_87.xml</name>
     <name>animated_image_88.xml</name>
     <name>animated_image_89.xml</name>
     <name>animated_image_90.xml</name>
     <image>digital10_10.png</image>
</drawables>
