<?xml version="1.0" encoding="utf-8"?>
<drawables>
     <name>animated_image_21.xml</name>
     <name>animated_image_22.xml</name>
     <name>animated_image_23.xml</name>
     <name>animated_image_24.xml</name>
     <name>animated_image_25.xml</name>
     <name>animated_image_26.xml</name>
     <name>animated_image_27.xml</name>
     <name>animated_image_28.xml</name>
     <name>animated_image_29.xml</name>
     <name>animated_image_30.xml</name>
     <image>digital10_10.png</image>
</drawables>
