<?xml version="1.0" encoding="utf-8"?>
<drawables>
     <name>animated_image_31.xml</name>
     <name>animated_image_32.xml</name>
     <name>animated_image_33.xml</name>
     <name>animated_image_34.xml</name>
     <name>animated_image_35.xml</name>
     <name>animated_image_36.xml</name>
     <name>animated_image_37.xml</name>
     <name>animated_image_38.xml</name>
     <name>animated_image_39.xml</name>
     <name>animated_image_40.xml</name>
     <image>digital10_10.png</image>
</drawables>
