<?xml version="1.0" encoding="utf-8"?>
<drawables>
     <name>animated_image_61.xml</name>
     <name>animated_image_62.xml</name>
     <name>animated_image_63.xml</name>
     <name>animated_image_64.xml</name>
     <name>animated_image_65.xml</name>
     <name>animated_image_66.xml</name>
     <name>animated_image_67.xml</name>
     <name>animated_image_68.xml</name>
     <name>animated_image_69.xml</name>
     <name>animated_image_70.xml</name>
     <image>digital10_10.png</image>
</drawables>
