<?xml version="1.0" encoding="utf-8"?>
<drawables>
     <name>animated_image_51.xml</name>
     <name>animated_image_52.xml</name>
     <name>animated_image_53.xml</name>
     <name>animated_image_54.xml</name>
     <name>animated_image_55.xml</name>
     <name>animated_image_56.xml</name>
     <name>animated_image_57.xml</name>
     <name>animated_image_58.xml</name>
     <name>animated_image_59.xml</name>
     <name>animated_image_60.xml</name>
     <image>digital10_10.png</image>
</drawables>
