<?xml version="1.0" encoding="utf-8"?>
<drawables>
     <name>animated_image_71.xml</name>
     <name>animated_image_72.xml</name>
     <name>animated_image_73.xml</name>
     <name>animated_image_74.xml</name>
     <name>animated_image_75.xml</name>
     <name>animated_image_76.xml</name>
     <name>animated_image_77.xml</name>
     <name>animated_image_78.xml</name>
     <name>animated_image_79.xml</name>
     <name>animated_image_80.xml</name>
     <image>digital10_10.png</image>
</drawables>
