<?xml version="1.0" encoding="utf-8"?>
<drawables>
     <name>animated_image_41.xml</name>
     <name>animated_image_42.xml</name>
     <name>animated_image_43.xml</name>
     <name>animated_image_44.xml</name>
     <name>animated_image_45.xml</name>
     <name>animated_image_46.xml</name>
     <name>animated_image_47.xml</name>
     <name>animated_image_48.xml</name>
     <name>animated_image_49.xml</name>
     <name>animated_image_50.xml</name>
     <image>digital10_10.png</image>
</drawables>
