<?xml version="1.0" encoding="utf-8"?>
<clockskin>
	<drawable>
		<name>cer.png</name>
		<rotate>3</rotate>
	</drawable>
	<drawable>
		<name>ora.png</name>
		<rotate>1</rotate>
	</drawable>
	<drawable>
		<name>minute.png</name>
		<rotate>2</rotate>
	</drawable>
	<drawable>
		<name>fata-cucifre.png</name>
	</drawable>
	<drawable>
		<name>day.xml</name>
		<arraytype>4</arraytype>
		<centerX>-4</centerX>
		<centerY>80</centerY>
	</drawable>
<!--COMMENTED BY ClockSkinMaker
<metadata gui='rra' version='2.0.0.2'/>
-->
</clockskin>