<?xml version="1.0" encoding="utf-8"?>
<drawables>
	<image>day_num_0.png</image>
	<image>day_num_1.png</image>
	<image>day_num_2.png</image>
	<image>day_num_3.png</image>
	<image>day_num_4.png</image>
	<image>day_num_5.png</image>
	<image>day_num_6.png</image>
	<image>day_num_7.png</image>
	<image>day_num_8.png</image>
	<image>day_num_9.png</image>
	<image>day_num_minus.png</image>
<!--COMMENTED BY ClockSkinMaker
<metadata gui='rra' version='2.0.0.2' type='array_day' autoscale='1' font='Verdana' fontstyle='Regular' fontsize='19.74769'>
<content forecolor='FFFFFF'>0</content>
<content forecolor='FFFFFF'>1</content>
<content forecolor='FFFFFF'>2</content>
<content forecolor='FFFFFF'>3</content>
<content forecolor='FFFFFF'>4</content>
<content forecolor='FFFFFF'>5</content>
<content forecolor='FFFFFF'>6</content>
<content forecolor='FFFFFF'>7</content>
<content forecolor='FFFFFF'>8</content>
<content forecolor='FFFFFF'>9</content>
<content>/</content>
</metadata>
-->
</drawables>