<?xml version="1.0" encoding="utf-8"?>
<clockskin>
	<drawable>
		<name>clock.png</name>
	</drawable>
	<drawable>
		<name>image8.png</name>
		<rotate>6</rotate>
		<startAngle>-360</startAngle>
		<mulrotate>2</mulrotate>
	</drawable>
	<drawable>
		<name>c1.png</name>
		<centerX>-88</centerX>
	</drawable>
	<drawable>
		<name>c2.png</name>
		<centerX>88</centerX>
	</drawable>
	<drawable>
		<name>c3.png</name>
		<centerY>88</centerY>
	</drawable>
	<drawable>
		<name>array_steps.xml</name>
		<arraytype>12</arraytype>
		<centerX>-88</centerX>
		<centerY>23</centerY>
	</drawable>
	<drawable>
		<name>heartrate.xml</name>
		<arraytype>13</arraytype>
		<centerX>88</centerX>
		<centerY>23</centerY>
	</drawable>
	<drawable>
		<name>steps.png</name>
		<centerX>-88</centerX>
		<centerY>-21</centerY>
	</drawable>
	<drawable>
		<name>heart.png</name>
		<centerX>88</centerX>
		<centerY>-20</centerY>
	</drawable>
	<drawable>
		<name>dat.png</name>
		<centerY>-81</centerY>
	</drawable>
	<drawable>
		<name>weather_array.xml</name>
		<arraytype>10</arraytype>
		<centerY>68</centerY>
	</drawable>
	<drawable>
		<name>temp.xml</name>
		<arraytype>11</arraytype>
		<centerY>115</centerY>
	</drawable>
	<drawable>
		<name>day.xml</name>
		<arraytype>4</arraytype>
		<centerX>-9</centerX>
		<centerY>-82</centerY>
	</drawable>
	<drawable>
		<name>weekday.xml</name>
		<arraytype>5</arraytype>
		<centerX>-49</centerX>
		<centerY>-82</centerY>
	</drawable>
	<drawable>
		<name>MONTH.xml</name>
		<arraytype>3</arraytype>
		<centerX>44</centerX>
		<centerY>-82</centerY>
	</drawable>
	<drawable>
		<name>kaz_v.png</name>
		<rotate>2</rotate>
		<startAngle>360</startAngle>
	</drawable>
	<drawable>
		<name>kaz_m.png</name>
		<rotate>1</rotate>
		<startAngle>360</startAngle>
	</drawable>
	<drawable>
		<name>kaz_sr.png</name>
		<rotate>3</rotate>
		<startAngle>360</startAngle>
	</drawable>
	<drawable>
		<name>clock_s.png</name>
	</drawable>
<!--COMMENTED BY ClockSkinMaker
<metadata gui='rra' version='1.6.0.0'/>
-->
</clockskin>