<?xml version="1.0" encoding="utf-8"?>
<drawables>
     <image>animation_1_0.png</image>
     <image>animation_1_0.png</image>
     <image>animation_1_2.png</image>
     <image>animation_1_2.png</image>
     <image>animation_1_2.png</image>
     <image>animation_1_2.png</image>
     <image>animation_1_2.png</image>
     <image>animation_1_2.png</image>
     <image>animation_1_2.png</image>
     <image>animation_1_2.png</image>
     <image>animation_1_2.png</image>
     <image>animation_1_2.png</image>
     <image>animation_1_2.png</image>
     <image>animation_1_2.png</image>
     <image>animation_1_2.png</image>
     <image>animation_1_15.png</image>
     <image>animation_1_15.png</image>
     <image>animation_1_15.png</image>
     <image>animation_1_18.png</image>
     <image>animation_1_18.png</image>
     <image>animation_1_20.png</image>
     <image>animation_1_20.png</image>
     <image>animation_1_22.png</image>
     <image>animation_1_22.png</image>
     <image>animation_1_24.png</image>
     <image>animation_1_24.png</image>
     <image>animation_1_26.png</image>
     <image>animation_1_26.png</image>
     <image>animation_1_28.png</image>
     <image>animation_1_28.png</image>
     <image>animation_1_30.png</image>
     <image>animation_1_30.png</image>
     <image>animation_1_32.png</image>
     <image>animation_1_32.png</image>
     <image>animation_1_34.png</image>
     <image>animation_1_34.png</image>
     <image>animation_1_0.png</image>
     <image>animation_1_0.png</image>
</drawables>
