<?xml version="1.0" encoding="utf-8"?>
<drawables>
     <image>animation_2_0.png</image>
     <image>animation_2_1.png</image>
     <image>animation_2_1.png</image>
     <image>animation_2_1.png</image>
     <image>animation_2_4.png</image>
     <image>animation_2_4.png</image>
     <image>animation_2_4.png</image>
     <image>animation_2_7.png</image>
     <image>animation_2_7.png</image>
     <image>animation_2_7.png</image>
     <image>animation_2_10.png</image>
     <image>animation_2_10.png</image>
     <image>animation_2_10.png</image>
     <image>animation_2_13.png</image>
     <image>animation_2_13.png</image>
     <image>animation_2_13.png</image>
     <image>animation_2_10.png</image>
     <image>animation_2_10.png</image>
     <image>animation_2_10.png</image>
     <image>animation_2_7.png</image>
     <image>animation_2_7.png</image>
     <image>animation_2_7.png</image>
     <image>animation_2_4.png</image>
     <image>animation_2_4.png</image>
     <image>animation_2_4.png</image>
     <image>animation_2_1.png</image>
     <image>animation_2_1.png</image>
     <image>animation_2_1.png</image>
     <image>animation_2_0.png</image>
</drawables>
