<clockskin>
    <drawable>
        <name>image1.png</name>
    </drawable>
    <drawable>
        <name>animated_image_1.xml</name>
        <arraytype>62</arraytype>
        <centerX>-5</centerX>
        <centerY>-7</centerY>
    </drawable>
    <drawable>
        <name>animated_image_1_bf.xml</name>
        <arraytype>62</arraytype>
    </drawable>
    <drawable>
        <name>animated_image_2.xml</name>
        <arraytype>62</arraytype>
        <centerX>-1</centerX>
        <centerY>145</centerY>
    </drawable>
    <drawable>
        <name>animated_image_2_bf.xml</name>
        <arraytype>62</arraytype>
    </drawable>
    <drawable>
        <name>image2.png</name>
    </drawable>
    <drawable>
        <name>digital1.xml</name>
        <arraytype>10</arraytype>
        <centerX>2</centerX>
        <centerY>-160</centerY>
    </drawable>
    <drawable>
        <name>digital2.xml</name>
        <arraytype>11</arraytype>
        <centerX>-1</centerX>
        <centerY>-133</centerY>
    </drawable>
    <drawable>
        <name>digital3.xml</name>
        <arraytype>14</arraytype>
        <centerX>-145</centerX>
        <centerY>15</centerY>
    </drawable>
    <drawable>
        <name>image3.png</name>
    </drawable>
    <drawable>
        <name>digital4.xml</name>
        <arraytype>12</arraytype>
        <centerX>145</centerX>
        <centerY>13</centerY>
    </drawable>
    <drawable>
        <rotate>1</rotate>
        <direction>1</direction>
        <mulrotate>1</mulrotate>
        <name>image4.png</name>
    </drawable>
    <drawable>
        <rotate>2</rotate>
        <direction>1</direction>
        <mulrotate>1</mulrotate>
        <name>image5.png</name>
    </drawable>
    <drawable>
        <rotate>3</rotate>
        <direction>1</direction>
        <mulrotate>1</mulrotate>
        <name>image6.png</name>
    </drawable>
    <drawable>
        <name>image7.png</name>
    </drawable>
    <drawable>
        <arraytype>100</arraytype>
        <centerX>0</centerX>
        <centerY>-154</centerY>
        <range>40</range>
        <cls>com.android.watchweather.WeatherActivity</cls>
        <pkg>com.android.watchweather</pkg>
    </drawable>
    <drawable>
        <arraytype>100</arraytype>
        <centerX>142</centerX>
        <centerY>8</centerY>
        <range>40</range>
        <cls>com.sprots.wiiteer.fitness.module.main.ui.MainActivity</cls>
        <pkg>com.sprots.wiiteer.fitness</pkg>
    </drawable>
    <drawable>
        <arraytype>100</arraytype>
        <centerX>-1</centerX>
        <centerY>142</centerY>
        <range>40</range>
        <cls>com.wiite.wiite_heartrate.MainActivity</cls>
        <pkg>com.wiite.wiite_heartrate</pkg>
    </drawable>
</clockskin>
<!-- Created on WatchFace Designer 0.14.2 beta -->
<!-- Exported for Android 7.1+ Stock ClockSkin Engine -->
