<clockskin>
    <drawable>
        <rotate>3</rotate>
        <mulrotate>17</mulrotate>
        <name>image1.png</name>
    </drawable>
    <drawable>
        <name>image2.png</name>
    </drawable>
    <drawable>
        <rotate>2</rotate>
        <mulrotate>1</mulrotate>
        <centerX>69</centerX>
        <centerY>167</centerY>
        <name>image3.png</name>
    </drawable>
    <drawable>
        <rotate>3</rotate>
        <mulrotate>0</mulrotate>
        <centerX>0</centerX>
        <centerY>93</centerY>
        <name>image4.png</name>
    </drawable>
    <drawable>
        <name>digital1.xml</name>
        <arraytype>10</arraytype>
        <centerX>-64</centerX>
        <centerY>-34</centerY>
    </drawable>
    <drawable>
        <name>image5.png</name>
    </drawable>
    <drawable>
        <name>digital2.xml</name>
        <arraytype>5</arraytype>
        <centerX>87</centerX>
        <centerY>4</centerY>
    </drawable>
    <drawable>
        <name>digital3.xml</name>
        <arraytype>6</arraytype>
        <centerX>129</centerX>
        <centerY>4</centerY>
    </drawable>
    <drawable>
        <name>digital4.xml</name>
        <arraytype>11</arraytype>
        <centerX>114</centerX>
        <centerY>-11</centerY>
    </drawable>
    <drawable>
        <name>digital5.xml</name>
        <arraytype>12</arraytype>
        <centerX>119</centerX>
        <centerY>19</centerY>
    </drawable>
    <drawable>
        <name>digital6.xml</name>
        <arraytype>13</arraytype>
        <centerX>118</centerX>
        <centerY>35</centerY>
    </drawable>
    <drawable>
        <name>digital7.xml</name>
        <arraytype>14</arraytype>
        <centerX>110</centerX>
        <centerY>51</centerY>
    </drawable>
    <drawable>
        <name>image6.png</name>
    </drawable>
    <drawable>
        <rotate>1</rotate>
        <mulrotate>1</mulrotate>
        <centerX>53</centerX>
        <centerY>-78</centerY>
        <name>image7.png</name>
    </drawable>
    <drawable>
        <rotate>2</rotate>
        <mulrotate>1</mulrotate>
        <centerX>53</centerX>
        <centerY>-77</centerY>
        <name>image8.png</name>
    </drawable>
    <drawable>
        <rotate>3</rotate>
        <mulrotate>0</mulrotate>
        <centerX>54</centerX>
        <centerY>-78</centerY>
        <name>image9.png</name>
    </drawable>
    <drawable>
        <name>digital8.xml</name>
        <arraytype>19</arraytype>
        <centerX>-114</centerX>
        <centerY>-45</centerY>
    </drawable>
</clockskin>
