<clockskin>
    <drawable>
        <name>image1.png</name>
    </drawable>
    <drawable>
        <rotate>3</rotate>
        <mulrotate>61</mulrotate>
        <movement>4</movement>
        <name>image2.png</name>
    </drawable>
    <drawable>
        <name repeat="1000">animated_image_1.xml</name>
        <framerate>11.00000000000000</framerate>
        <rotate>3</rotate>
        <mulrotate>1</mulrotate>
        <movement>4</movement>
    </drawable>
    <drawable>
        <name>animated_image_2.xml</name>
        <framerate>60.00000000000000</framerate>
        <rotate>2</rotate>
        <mulrotate>1</mulrotate>
        <movement>4</movement>
    </drawable>
    <drawable>
        <name>animated_image_3.xml</name>
        <framerate>11.00000000000000</framerate>
        <rotate>2</rotate>
        <mulrotate>1</mulrotate>
        <movement>4</movement>
    </drawable>
    <drawable>
        <name>image3.png</name>
    </drawable>
    <drawable>
        <name>animated_image_4.xml</name>
        <framerate>12.00000000000000</framerate>
        <rotate>1</rotate>
        <mulrotate>1</mulrotate>
        <movement>4</movement>
    </drawable>
    <drawable>
        <name repeat="1000">animated_image_5.xml</name>
        <framerate>18.00000000000000</framerate>
        <rotate>1</rotate>
        <mulrotate>1</mulrotate>
        <movement>4</movement>
    </drawable>
    <drawable>
        <name>digital1.xml</name>
        <arraytype>4</arraytype>
    </drawable>
</clockskin>
