<?xml version="1.0" encoding="utf-8"?>
<clockskin>
	<drawable>
		<name>Grey dick.png</name>
		<centerY>-4</centerY>
	</drawable>
	<drawable>
		<name>Batt rotate.png</name>
		<rotate>6</rotate>
		<centerY>2</centerY>
	</drawable>
	<drawable>
		<name>Base.png</name>
	</drawable>
	<drawable>
		<name>Hatch_blue_2.png</name>
		<centerY>-1</centerY>
	</drawable>
	<drawable>
		<name>Second ring back_2.png</name>
		<centerX>1</centerX>
		<centerY>7</centerY>
	</drawable>
	<drawable>
		<name>Balance Wheel___.png</name>
		<rotate>3</rotate>
		<centerX>1</centerX>
		<centerY>114</centerY>
		<mulrotate>135</mulrotate>
	</drawable>
	<drawable>
		<name>Balance Wheel__.png</name>
		<rotate>3</rotate>
		<centerX>1</centerX>
		<centerY>114</centerY>
		<mulrotate>180</mulrotate>
	</drawable>
	<drawable>
		<name>Balance Wheel_3.png</name>
		<rotate>3</rotate>
		<centerX>1</centerX>
		<centerY>114</centerY>
		<mulrotate>24</mulrotate>
	</drawable>
	<drawable>
		<name>Spring_blue.png</name>
		<centerX>1</centerX>
		<centerY>114</centerY>
	</drawable>
	<drawable>
		<name>Second ring.png</name>
		<centerX>1</centerX>
		<centerY>9</centerY>
	</drawable>
	<drawable>
		<name>Flying Tourbillon .png</name>
		<rotate>3</rotate>
		<centerX>1</centerX>
		<centerY>114</centerY>
	</drawable>
	<drawable>
		<name>Figures.png</name>
	</drawable>
	<drawable>
		<name>M DW and D base_2.png</name>
	</drawable>
	<drawable>
		<name>month.xml</name>
		<arraytype>3</arraytype>
	</drawable>
	<drawable>
		<name>WD.xml</name>
		<arraytype>5</arraytype>
	</drawable>
	<drawable>
		<name>DAY.xml</name>
		<arraytype>4</arraytype>
		<centerX>1</centerX>
		<centerY>-102</centerY>
	</drawable>
	<drawable>
		<name>Batt Frame.png</name>
		<centerY>1</centerY>
	</drawable>
	<drawable>
		<name>HH_2.png</name>
		<rotate>1</rotate>
	</drawable>
	<drawable>
		<name>MH_2.png</name>
		<rotate>2</rotate>
	</drawable>
	<drawable>
		<name>Center_2.png</name>
	</drawable>
	<drawable>
		<name>MINUTE TICKS.png</name>
	</drawable>
<!--COMMENTED BY ClockSkinMaker
<metadata gui='rra' version='2.0.0.2'/>
-->
</clockskin>