<clockskin>
    <drawable>
        <name>image1.png</name>
    </drawable>
<drawable>
<arraytype>100</arraytype>
<centerX>-89</centerX>
<centerY>108</centerY>
<range>40</range>
<cls>com.artostolab.voicedialer.feature.splashscreen.SplashActivity</cls>
<pkg>com.artostolab.voicedialer</pkg>
</drawable>

<drawable>
<arraytype>100</arraytype>
<centerX>-89</centerX>
<centerY>-108</centerY>
<range>40</range>
<cls>de.stocard.ui.main.InitActivity</cls>
<pkg>de.stocard.stocard</pkg>
</drawable>

<drawable>
<arraytype>100</arraytype>
<centerX>89</centerX>
<centerY>108</centerY>
<range>40</range>
<cls>ak.alizandro.smartaudiobookplayer.PlayerActivity</cls>
<pkg>ak.alizandro.smartaudiobookplayer</pkg>
</drawable>

<drawable>
<arraytype>100</arraytype>
<centerX>89</centerX>
<centerY>-108</centerY>
<range>40</range>
<cls>com.wiite.mycalender.MainActivity</cls>
	<pkg>com.wiite.mycalender</pkg>
</drawable>

<drawable>
	<arraytype>100</arraytype>
	<centerX>180</centerX>
	<centerY>0</centerY>
	<range>40</range>
<cls>com.android.camera.CameraLauncher</cls>
<pkg>com.wiite.camera</pkg>	
	
</drawable>
<drawable>
        <arraytype>100</arraytype>
        <range>70</range>
        <cls>com.lumaticsoft.watchdroidassistant.WDPP</cls>
        <pkg>com.lumaticsoft.watchdroidassistant</pkg>
</drawable>
    <drawable>
        <rotate>13</rotate>
        <rotatemode>4</rotatemode>
        <startAngle>0</startAngle>
        <angle>75</angle>
        <direction>1</direction>
        <mulrotate>1</mulrotate>
        <name>image2.png</name>
    </drawable>
    <drawable>
        <rotate>13</rotate>
        <rotatemode>4</rotatemode>
        <startAngle>0</startAngle>
        <angle>75</angle>
        <direction>1</direction>
        <mulrotate>1</mulrotate>
        <name>image3.png</name>
    </drawable>
    <drawable>
        <rotate>13</rotate>
        <rotatemode>5</rotatemode>
        <startAngle>0</startAngle>
        <angle>76</angle>
        <direction>1</direction>
        <mulrotate>1</mulrotate>
        <name>image4.png</name>
    </drawable>
    <drawable>
        <rotate>13</rotate>
        <rotatemode>5</rotatemode>
        <startAngle>0</startAngle>
        <angle>76</angle>
        <direction>1</direction>
        <mulrotate>1</mulrotate>
        <name>image5.png</name>
    </drawable>
    <drawable>
        <rotate>13</rotate>
        <rotatemode>7</rotatemode>
        <startAngle>0</startAngle>
        <angle>71</angle>
        <direction>1</direction>
        <mulrotate>1</mulrotate>
        <name>image6.png</name>
    </drawable>
    <drawable>
        <rotate>13</rotate>
        <rotatemode>7</rotatemode>
        <startAngle>0</startAngle>
        <angle>71</angle>
        <direction>1</direction>
        <mulrotate>1</mulrotate>
        <name>image7.png</name>
    </drawable>
    <drawable>
        <rotate>13</rotate>
        <rotatemode>7</rotatemode>
        <startAngle>0</startAngle>
        <angle>71</angle>
        <direction>1</direction>
        <mulrotate>1</mulrotate>
        <name>image8.png</name>
    </drawable>
    <drawable>
        <name>image9.png</name>
    </drawable>
    <drawable>
        <name>digital1.xml</name>
        <arraytype>12</arraytype>
        <centerX>0</centerX>
        <centerY>-77</centerY>
    </drawable>
    <drawable>
        <name>digital2.xml</name>
        <arraytype>13</arraytype>
        <centerX>-66</centerX>
        <centerY>0</centerY>
    </drawable>
    <drawable>
        <name>image10.png</name>
    </drawable>
    <drawable>
        <name>digital3.xml</name>
        <arraytype>11</arraytype>
        <centerX>46</centerX>
        <centerY>56</centerY>
    </drawable>
    <drawable>
        <name>digital4.xml</name>
        <arraytype>10</arraytype>
        <centerX>-20</centerX>
        <centerY>56</centerY>
    </drawable>
    <drawable>
        <name>image11.png</name>
    </drawable>
    <drawable>
        <name>digital5.xml</name>
        <arraytype>4</arraytype>
        <centerX>-73</centerX>
        <centerY>-39</centerY>
    </drawable>
    <drawable>
        <name>digital5.xml</name>
        <arraytype>4</arraytype>
        <centerX>312</centerX>
        <centerY>-35</centerY>
    </drawable>
    <drawable>
        <name>image12.png</name>
    </drawable>
    <drawable>
        <rotate>13</rotate>
        <rotatemode>4</rotatemode>
        <startAngle>0</startAngle>
        <angle>75</angle>
        <direction>1</direction>
        <mulrotate>1</mulrotate>
        <name>image13.png</name>
    </drawable>
    <drawable>
        <name>image14.png</name>
    </drawable>
    <drawable>
        <rotate>1</rotate>
        <direction>1</direction>
        <mulrotate>1</mulrotate>
        <name>image15.png</name>
    </drawable>
    <drawable>
        <rotate>1</rotate>
        <direction>1</direction>
        <mulrotate>1</mulrotate>
        <name>image16.png</name>
    </drawable>
    <drawable>
        <rotate>2</rotate>
        <direction>1</direction>
        <mulrotate>1</mulrotate>
        <name>image17.png</name>
    </drawable>
    <drawable>
        <rotate>2</rotate>
        <direction>1</direction>
        <mulrotate>1</mulrotate>
        <name>image18.png</name>
    </drawable>
    <drawable>
        <rotate>13</rotate>
        <rotatemode>3</rotatemode>
        <startAngle>0</startAngle>
        <angle>70</angle>
        <direction>1</direction>
        <mulrotate>1</mulrotate>
        <name>image19.png</name>
    </drawable>
    <drawable>
        <name>image20.png</name>
    </drawable>
    <drawable>
        <name>digital6.xml</name>
        <arraytype>14</arraytype>
    </drawable>
    <drawable>
        <name>digital7.xml</name>
        <arraytype>14</arraytype>
        <centerX>400</centerX>
        <centerY>0</centerY>
    </drawable>
    <drawable>
        <name>digital8.xml</name>
        <arraytype>14</arraytype>
        <centerX>800</centerX>
        <centerY>0</centerY>
    </drawable>
    <drawable>
        <name>image21.png</name>
    </drawable>
</clockskin>
<!-- Created on WatchFace Designer 0.14.2 beta -->
<!-- Exported for Android 7.1+ Stock ClockSkin Engine -->
