<clockskin>
    <drawable>
        <name>image1.png</name>
    </drawable>
    <drawable>
        <name>digital1.xml</name>
        <arraytype>6</arraytype>
        <centerX>0</centerX>
        <centerY>-42</centerY>
    </drawable>
    <drawable>
        <name>digital2.xml</name>
        <arraytype>6</arraytype>
        <centerX>0</centerX>
        <centerY>-39</centerY>
    </drawable>
    <drawable>
        <name>image2.png</name>
    </drawable>
    <drawable>
        <name>digital3.xml</name>
        <arraytype>4</arraytype>
        <centerX>93</centerX>
        <centerY>56</centerY>
    </drawable>
    <drawable>
        <name>digital4.xml</name>
        <arraytype>5</arraytype>
        <centerX>-40</centerX>
        <centerY>39</centerY>
    </drawable>
    <drawable>
        <name>digital5.xml</name>
        <arraytype>3</arraytype>
        <centerX>-40</centerX>
        <centerY>72</centerY>
    </drawable>
    <drawable>
        <name>digital6.xml</name>
        <arraytype>14</arraytype>
        <centerX>400</centerX>
        <centerY>94</centerY>
    </drawable>
    <drawable>
        <name>digital7.xml</name>
        <arraytype>14</arraytype>
        <centerX>800</centerX>
        <centerY>94</centerY>
    </drawable>
    <drawable>
        <name>digital8.xml</name>
        <arraytype>10</arraytype>
        <centerX>0</centerX>
        <centerY>124</centerY>
    </drawable>
    <drawable>
        <name>digital9.xml</name>
        <arraytype>11</arraytype>
        <centerX>-10</centerX>
        <centerY>157</centerY>
    </drawable>
    <drawable>
        <name>digital10.xml</name>
        <arraytype>12</arraytype>
        <centerX>-71</centerX>
        <centerY>-111</centerY>
    </drawable>
    <drawable>
        <name>digital11.xml</name>
        <arraytype>13</arraytype>
        <centerX>70</centerX>
        <centerY>-111</centerY>
    </drawable>
    <drawable>
        <name>image3.png</name>
    </drawable>
    <drawable>
        <rotate>3</rotate>
        <direction>1</direction>
        <mulrotate>1</mulrotate>
        <name>image4.png</name>
    </drawable>
</clockskin>
<!-- Created on WatchFace Designer 0.14.2 beta -->
<!-- Exported for Android 7.1+ Stock ClockSkin Engine -->
