<?xml version="1.0" encoding="utf-8"?>
<drawables>
     <image>digital4_0.png</image>
     <image>digital4_0.png</image>
     <image>digital4_0.png</image>
     <image>digital4_0.png</image>
     <image>digital4_0.png</image>
     <image>digital4_0.png</image>
     <image>digital4_0.png</image>
     <image>digital4_0.png</image>
     <image>digital4_0.png</image>
     <image>digital4_0.png</image>
     <image>digital4_0.png</image>
     <image>digital4_12.png</image>
     <image>digital5_12.png</image>
</drawables>
