<?xml version="1.0" encoding="utf-8"?>
<drawables>
     <image>digital2_0.png</image>
     <image>digital2_0.png</image>
     <image>digital2_0.png</image>
     <image>digital2_0.png</image>
     <image>digital2_0.png</image>
     <image>digital2_0.png</image>
     <image>digital2_0.png</image>
     <image>digital2_0.png</image>
     <image>digital2_0.png</image>
     <image>digital2_0.png</image>
     <image>digital2_10.png</image>
     <image>digital2_11.png</image>
     <image>digital2_12.png</image>
</drawables>
