<?xml version="1.0" encoding="utf-8"?>
<clockskin>
	<drawable>
		<name>clock_bg.png</name>
	</drawable>
	<drawable>
		<name>time_array.xml</name>
		<arraytype>7</arraytype>
		<centerX>-84</centerX>
		<centerY>-54</centerY>
	</drawable>
	<drawable>
		<name>time_array.xml</name>
		<arraytype>8</arraytype>
		<centerX>84</centerX>
		<centerY>-54</centerY>
	</drawable>
	<drawable>
		<name>seconds_array.xml</name>
		<arraytype>9</arraytype>
		<centerX>170</centerX>
		<centerY>-36</centerY>
	</drawable>
	<drawable>
		<name>weekday.xml</name>
		<arraytype>5</arraytype>
		<centerX>109</centerX>
		<centerY>-5</centerY>
	</drawable>
	<drawable>
		<name>date.xml</name>
		<arraytype>4</arraytype>
		<centerX>130</centerX>
		<centerY>25</centerY>
	</drawable>
	<drawable>
		<name>month.xml</name>
		<arraytype>3</arraytype>
		<centerX>112</centerX>
		<centerY>53</centerY>
	</drawable>
	<drawable>
		<name>weather_array.xml</name>
		<arraytype>10</arraytype>
		<centerY>25</centerY>
	</drawable>
	<drawable>
		<name>battery_array.xml</name>
		<arraytype>14</arraytype>
		<centerX>-124</centerX>
		<centerY>53</centerY>
	</drawable>
<!--COMMENTED BY ClockSkinMaker
<metadata gui='rra' version='1.6.0.0'/>
-->
</clockskin>