<?xml version="1.0" encoding="utf-8"?>
<drawables>
	<image>weekday-sun.png</image>
	<image>weekday-mon.png</image>
	<image>weekday-tue.png</image>
	<image>weekday-wed.png</image>
	<image>weekday-thu.png</image>
	<image>weekday-fri.png</image>
	<image>weekday-sat.png</image>
<!--COMMENTED BY ClockSkinMaker
<metadata gui='rra' version='1.6.0.0' type='array_weekday' autoscale='1' font='Roboto' fontstyle='Bold' fontsize='19,61373'>
<content>SUN</content>
<content>MON</content>
<content>TUE</content>
<content>WED</content>
<content>THU</content>
<content>FRI</content>
<content>SAT</content>
</metadata>
-->
</drawables>