<?xml version="1.0" encoding="utf-8"?>
<clockskin>
	<drawable>
		<name>S3_Frontier_panel3.png</name>
	</drawable>
	<drawable>
		<name>steps1.png</name>
		<centerX>-104</centerX>
		<centerY>36</centerY>
	</drawable>
	<drawable>
		<name>S3_h_hand.png</name>
		<rotate>1</rotate>
	</drawable>
	<drawable>
		<name>S3_m_hand.png</name>
		<rotate>2</rotate>
	</drawable>
	<drawable>
		<name>S3_s_hand.png</name>
		<rotate>3</rotate>
	</drawable>
	<drawable>
		<name>days.xml</name>
		<arraytype>5</arraytype>
		<centerX>74</centerX>
	</drawable>
	<drawable>
		<name>dates.xml</name>
		<arraytype>4</arraytype>
		<centerX>118</centerX>
	</drawable>
	<drawable>
		<name>battery_array.xml</name>
		<arraytype>14</arraytype>
		<centerX>-7</centerX>
		<centerY>74</centerY>
	</drawable>
	<drawable>
		<name>hour_minute_array.xml</name>
		<arraytype>6</arraytype>
		<centerY>-80</centerY>
	</drawable>
	<drawable>
		<name>weather_array.xml</name>
		<arraytype>10</arraytype>
		<centerX>-119</centerX>
		<centerY>-20</centerY>
	</drawable>
	<drawable>
		<name>array_temp.xml</name>
		<arraytype>11</arraytype>
		<centerX>-78</centerX>
		<centerY>-20</centerY>
	</drawable>
	<drawable>
		<name>steps_array.xml</name>
		<arraytype>12</arraytype>
		<centerX>-104</centerX>
		<centerY>15</centerY>
	</drawable>
	<drawable>
		<name>01jdgd.png</name>
		<centerX>-21</centerX>
		<centerY>-48</centerY>
	</drawable>
	<drawable>
		<name>hr.xml</name>
		<arraytype>13</arraytype>
		<centerX>8</centerX>
		<centerY>-46</centerY>
	</drawable>
	<drawable>
		<name>bat.png</name>
		<centerY>97</centerY>
	</drawable>
	<drawable>
		<name>S3_red_hand_4_1.png</name>
		<rotate>6</rotate>
		<centerY>76</centerY>
	</drawable>
<!--COMMENTED BY ClockSkinMaker
<metadata gui='rra' version='1.5.0.0'/>
-->
</clockskin>