<?xml version="1.0" encoding="utf-8"?>
<clockskin>
	<drawable>
		<name>24.png</name>
		<rotate>7</rotate>
		<centerX>1</centerX>
		<centerY>-13</centerY>
		<angle>170</angle>
	</drawable>
	<drawable>
		<name>moon_phase.xml</name>
		<arraytype>19</arraytype>
		<centerY>-15</centerY>
	</drawable>
	<drawable>
		<name>Base.png</name>
	</drawable>
	<drawable>
		<name>HATCH_2.png</name>
	</drawable>
	<drawable>
		<name>Hatch frame.png</name>
	</drawable>
	<drawable>
		<name>M D WD base.png</name>
	</drawable>
	<drawable>
		<name>month.xml</name>
		<arraytype>3</arraytype>
	</drawable>
	<drawable>
		<name>WD.xml</name>
		<arraytype>5</arraytype>
	</drawable>
	<drawable>
		<name>DAY.xml</name>
		<arraytype>4</arraytype>
		<centerX>-1</centerX>
		<centerY>121</centerY>
	</drawable>
	<drawable>
		<name>Moon frame.png</name>
	</drawable>
	<drawable>
		<name>HH_2.png</name>
		<rotate>1</rotate>
	</drawable>
	<drawable>
		<name>MH_2.png</name>
		<rotate>2</rotate>
	</drawable>
	<drawable>
		<name>SH.png</name>
		<rotate>3</rotate>
	</drawable>
<!--COMMENTED BY ClockSkinMaker
<metadata gui='rra' version='2.0.0.2'/>
-->
</clockskin>