<?xml version="1.0" encoding="utf-8"?>
<clockskin>
	<drawable>
		<name>watch_panel.png</name>
	</drawable>
	<drawable>
		<name>day_array.xml</name>
		<arraytype>4</arraytype>
		<centerX>99</centerX>
	</drawable>
	<drawable>
		<name>hand_h.png</name>
		<rotate>1</rotate>
	</drawable>
	<drawable>
		<name>hand_m.png</name>
		<rotate>2</rotate>
	</drawable>
	<drawable>
		<name>hand_gmt.png</name>
		<rotate>7</rotate>
	</drawable>
	<drawable>
		<name>hand_s.png</name>
		<rotate>3</rotate>
	</drawable>
	<drawable>
		<name>glass.png</name>
	</drawable>
	<drawable>
		<arraytype>99</arraytype>
		<centerX>-97</centerX>
		<centerY>-18</centerY>
	</drawable>
</clockskin>