<?xml version="1.0" encoding="utf-8"?>
<clockskin>
	<drawable>
		<name>Bat_Seviye.xml</name>
		<arraytype>14</arraytype>
		<centerX>24</centerX>
		<centerY>-162</centerY>
	</drawable>
	<drawable>
		<name>clock_skin_panel.png</name>
	</drawable>
	<drawable>
		<name>Yuzde.png</name>
		<centerX>8</centerX>
		<centerY>-162</centerY>
	</drawable>
	<drawable>
		<name>Saat.xml</name>
		<arraytype>7</arraytype>
		<centerY>-91</centerY>
	</drawable>
	<drawable>
		<name>Dakika.xml</name>
		<arraytype>8</arraytype>
		<centerY>10</centerY>
	</drawable>
	<drawable>
		<name>Gun.xml</name>
		<arraytype>4</arraytype>
		<centerX>-55</centerX>
		<centerY>85</centerY>
	</drawable>
	<drawable>
		<name>Ay.xml</name>
		<arraytype>3</arraytype>
		<centerX>-13</centerX>
		<centerY>85</centerY>
	</drawable>
	<drawable>
		<name>Yil.xml</name>
		<arraytype>16</arraytype>
		<centerX>41</centerX>
		<centerY>85</centerY>
	</drawable>
	<drawable>
		<name>Gun_Ad.xml</name>
		<arraytype>5</arraytype>
		<centerY>107</centerY>
	</drawable>
	<drawable>
		<arraytype>15</arraytype>
		<colorarray>FFFFFF,000000</colorarray>
	</drawable>
	<drawable>
		<name>Adim.xml</name>
		<arraytype>12</arraytype>
		<centerX>9</centerX>
		<centerY>148</centerY>
	</drawable>
	<drawable>
		<name>Bat.xml</name>
		<arraytype>14</arraytype>
		<centerX>-23</centerX>
		<centerY>-162</centerY>
	</drawable>
	<drawable>
		<arraytype>99</arraytype>
		<centerX>96</centerX>
	</drawable>
<!--COMMENTED BY ClockSkinMaker
<metadata gui='rra' version='1.6.0.0'/>
-->
</clockskin>