<?xml version="1.0" encoding="utf-8"?>
<drawables>
     <image>animation_6_0.png</image>
     <image>animation_6_1.png</image>
     <image>animation_6_2.png</image>
     <image>animation_6_3.png</image>
     <image>animation_6_4.png</image>
     <image>animation_6_5.png</image>
     <image>animation_6_6.png</image>
     <image>animation_6_7.png</image>
     <image>animation_6_8.png</image>
     <image>animation_6_9.png</image>
     <image>animation_6_10.png</image>
     <image>animation_6_11.png</image>
     <image>animation_6_12.png</image>
     <image>animation_6_13.png</image>
     <image>animation_6_14.png</image>
     <image>animation_6_15.png</image>
     <image>animation_6_16.png</image>
     <image>animation_6_17.png</image>
     <image>animation_6_18.png</image>
     <image>animation_6_19.png</image>
     <image>animation_6_19.png</image>
     <image>animation_6_18.png</image>
     <image>animation_6_17.png</image>
     <image>animation_6_16.png</image>
     <image>animation_6_15.png</image>
     <image>animation_6_14.png</image>
     <image>animation_6_13.png</image>
     <image>animation_6_12.png</image>
     <image>animation_6_11.png</image>
     <image>animation_6_10.png</image>
     <image>animation_6_9.png</image>
     <image>animation_6_8.png</image>
     <image>animation_6_7.png</image>
     <image>animation_6_6.png</image>
     <image>animation_6_5.png</image>
     <image>animation_6_4.png</image>
     <image>animation_6_3.png</image>
     <image>animation_6_2.png</image>
     <image>animation_6_1.png</image>
     <image>animation_6_0.png</image>
</drawables>
