<clockskin>
    <drawable>
        <name>image1.png</name>
    </drawable>
    <drawable>
        <rotate>3</rotate>
        <mulrotate>2</mulrotate>
        <centerX>92</centerX>
        <centerY>2</centerY>
        <name>image2.png</name>
    </drawable>
    <drawable>
        <rotate>3</rotate>
        <mulrotate>2</mulrotate>
        <centerX>90</centerX>
        <centerY>0</centerY>
        <name>image3.png</name>
    </drawable>
    <drawable>
        <name>image4.png</name>
    </drawable>
    <drawable>
        <rotate>2</rotate>
        <mulrotate>1</mulrotate>
        <centerX>-88</centerX>
        <centerY>2</centerY>
        <name>image2.png</name>
    </drawable>
    <drawable>
        <rotate>2</rotate>
        <mulrotate>1</mulrotate>
        <centerX>-90</centerX>
        <centerY>0</centerY>
        <name>image3.png</name>
    </drawable>
    <drawable>
        <name>image7.png</name>
    </drawable>
    <drawable>
        <rotate>1</rotate>
        <mulrotate>1</mulrotate>
        <centerX>2</centerX>
        <centerY>92</centerY>
        <name>image2.png</name>
    </drawable>
    <drawable>
        <rotate>1</rotate>
        <mulrotate>1</mulrotate>
        <centerX>0</centerX>
        <centerY>90</centerY>
        <name>image3.png</name>
    </drawable>
    <drawable>
        <name>image10.png</name>
    </drawable>
    <drawable>
        <rotate>1</rotate>
        <mulrotate>1</mulrotate>
        <centerX>4</centerX>
        <centerY>4</centerY>
        <name>image11.png</name>
    </drawable>
    <drawable>
        <rotate>1</rotate>
        <mulrotate>1</mulrotate>
        <name>image12.png</name>
    </drawable>
    <drawable>
        <rotate>1</rotate>
        <mulrotate>1</mulrotate>
        <name>image13.png</name>
    </drawable>
    <drawable>
        <rotate>1</rotate>
        <mulrotate>1</mulrotate>
        <name>image14.png</name>
    </drawable>
    <drawable>
        <rotate>1</rotate>
        <mulrotate>1</mulrotate>
        <name>image15.png</name>
    </drawable>
    <drawable>
        <rotate>2</rotate>
        <mulrotate>1</mulrotate>
        <centerX>4</centerX>
        <centerY>4</centerY>
        <name>image16.png</name>
    </drawable>
    <drawable>
        <rotate>2</rotate>
        <mulrotate>1</mulrotate>
        <name>image17.png</name>
    </drawable>
    <drawable>
        <rotate>2</rotate>
        <mulrotate>1</mulrotate>
        <name>image18.png</name>
    </drawable>
    <drawable>
        <rotate>2</rotate>
        <mulrotate>1</mulrotate>
        <name>image19.png</name>
    </drawable>
    <drawable>
        <rotate>2</rotate>
        <mulrotate>1</mulrotate>
        <name>image20.png</name>
    </drawable>
    <drawable>
        <rotate>3</rotate>
        <mulrotate>1</mulrotate>
        <centerX>4</centerX>
        <centerY>4</centerY>
        <name>image21.png</name>
    </drawable>
    <drawable>
        <rotate>3</rotate>
        <mulrotate>1</mulrotate>
        <name>image22.png</name>
    </drawable>
    <drawable>
        <rotate>3</rotate>
        <mulrotate>1</mulrotate>
        <name>image23.png</name>
    </drawable>
    <drawable>
        <rotate>3</rotate>
        <mulrotate>1</mulrotate>
        <name>image24.png</name>
    </drawable>
    <drawable>
        <rotate>3</rotate>
        <mulrotate>1</mulrotate>
        <name>image25.png</name>
    </drawable>
    <drawable>
        <name>image26.png</name>
    </drawable>
</clockskin>
