<clockskin>
    <drawable>
        <name>image1.png</name>
    </drawable>
    <drawable>
        <name>animated_image_1.xml</name>
        <framerate>5.00000000000000</framerate>
    </drawable>
    <drawable>
        <name>digital1.xml</name>
        <arraytype>6</arraytype>
        <centerX>-5</centerX>
        <centerY>11</centerY>
    </drawable>
    <drawable>
        <name>animated_image_2.xml</name>
        <framerate>1.00000000000000</framerate>
        <centerX>-2</centerX>
        <centerY>-164</centerY>
    </drawable>
    <drawable>
        <name>digital2.xml</name>
        <arraytype>14</arraytype>
        <centerX>-7</centerX>
        <centerY>-164</centerY>
    </drawable>
    <drawable>
        <name>digital3.xml</name>
        <arraytype>9</arraytype>
        <centerX>153</centerX>
        <centerY>49</centerY>
    </drawable>
    <drawable>
        <name>animated_image_3.xml</name>
        <framerate>1.00000000000000</framerate>
        <centerX>48</centerX>
        <centerY>128</centerY>
    </drawable>
    <drawable>
        <name>digital4.xml</name>
        <arraytype>1</arraytype>
        <centerX>0</centerX>
        <centerY>-48</centerY>
    </drawable>
    <drawable>
        <name>image2.png</name>
    </drawable>
</clockskin>
