<clockskin>
    <drawable>
        <name>image1.png</name>
    </drawable>
    <drawable>
        <name>digital1.xml</name>
        <arraytype>7</arraytype>
        <centerX>-200</centerX>
        <centerY>0</centerY>
    </drawable>
    <drawable>
        <name>digital2.xml</name>
        <arraytype>7</arraytype>
        <centerX>200</centerX>
        <centerY>0</centerY>
    </drawable>
    <drawable>
        <name>image2.png</name>
    </drawable>
    <drawable>
        <name>digital3.xml</name>
        <arraytype>8</arraytype>
        <centerX>-203</centerX>
        <centerY>-1</centerY>
    </drawable>
    <drawable>
        <name>digital4.xml</name>
        <arraytype>8</arraytype>
        <centerX>197</centerX>
        <centerY>-1</centerY>
    </drawable>
    <drawable>
        <name>image3.png</name>
    </drawable>
    <drawable>
        <name>digital5.xml</name>
        <arraytype>9</arraytype>
        <centerX>-328</centerX>
        <centerY>-22</centerY>
    </drawable>
    <drawable>
        <name>digital6.xml</name>
        <arraytype>9</arraytype>
        <centerX>72</centerX>
        <centerY>-22</centerY>
    </drawable>
    <drawable>
        <name>digital7.xml</name>
        <arraytype>9</arraytype>
        <centerX>-127</centerX>
        <centerY>-21</centerY>
    </drawable>
    <drawable>
        <name>digital8.xml</name>
        <arraytype>7</arraytype>
        <centerX>-5</centerX>
        <centerY>-60</centerY>
    </drawable>
    <drawable>
        <name>digital9.xml</name>
        <arraytype>8</arraytype>
        <centerX>-5</centerX>
        <centerY>12</centerY>
    </drawable>
    <drawable>
        <name>image4.png</name>
    </drawable>
    <drawable>
        <name>digital10.xml</name>
        <arraytype>2</arraytype>
        <centerX>1</centerX>
        <centerY>68</centerY>
    </drawable>
    <drawable>
        <name>digital11.xml</name>
        <arraytype>5</arraytype>
        <centerX>1</centerX>
        <centerY>94</centerY>
    </drawable>
    <drawable>
        <name>digital12.xml</name>
        <arraytype>13</arraytype>
        <centerX>84</centerX>
        <centerY>-21</centerY>
    </drawable>
    <drawable>
        <name>image5.png</name>
    </drawable>
    <drawable>
        <name>digital13.xml</name>
        <arraytype>12</arraytype>
        <centerX>-400</centerX>
        <centerY>0</centerY>
    </drawable>
    <drawable>
        <name>digital14.xml</name>
        <arraytype>12</arraytype>
    </drawable>
    <drawable>
        <name>digital15.xml</name>
        <arraytype>12</arraytype>
        <centerX>400</centerX>
        <centerY>0</centerY>
    </drawable>
    <drawable>
        <name>image6.png</name>
    </drawable>
    <drawable>
        <name>digital16.xml</name>
        <arraytype>14</arraytype>
        <centerX>-404</centerX>
        <centerY>2</centerY>
    </drawable>
    <drawable>
        <name>digital17.xml</name>
        <arraytype>14</arraytype>
        <centerX>-4</centerX>
        <centerY>2</centerY>
    </drawable>
    <drawable>
        <name>digital18.xml</name>
        <arraytype>14</arraytype>
        <centerX>396</centerX>
        <centerY>2</centerY>
    </drawable>
    <drawable>
        <name>digital19.xml</name>
        <arraytype>14</arraytype>
        <centerX>-380</centerX>
        <centerY>181</centerY>
    </drawable>
    <drawable>
        <name>digital19.xml</name>
        <arraytype>14</arraytype>
        <centerX>9</centerX>
        <centerY>182</centerY>
    </drawable>
    <drawable>
        <name>digital19.xml</name>
        <arraytype>14</arraytype>
        <centerX>398</centerX>
        <centerY>183</centerY>
    </drawable>
    <drawable>
        <name>image7.png</name>
    </drawable>
</clockskin>
