<clockskin>
    <drawable>
        <name>image1.png</name>
    </drawable>
    <drawable>
        <name>digital1.xml</name>
        <arraytype>4</arraytype>
        <centerX>-101</centerX>
        <centerY>56</centerY>
    </drawable>
    <drawable>
        <name>digital1.xml</name>
        <arraytype>4</arraytype>
        <centerX>288</centerX>
        <centerY>50</centerY>
    </drawable>
    <drawable>
        <name>image2.png</name>
    </drawable>
    <drawable>
        <rotate>3</rotate>
        <mulrotate>2</mulrotate>
        <centerX>-66</centerX>
        <centerY>-15</centerY>
        <name>image3.png</name>
    </drawable>
    <drawable>
        <rotate>3</rotate>
        <mulrotate>2</mulrotate>
        <centerX>-66</centerX>
        <centerY>-15</centerY>
        <name>image4.png</name>
    </drawable>
    <drawable>
        <name>image5.png</name>
    </drawable>
    <drawable>
        <rotate>6</rotate>
        <mulrotate>1</mulrotate>
        <centerX>66</centerX>
        <centerY>-15</centerY>
        <name>image3.png</name>
    </drawable>
    <drawable>
        <rotate>6</rotate>
        <mulrotate>1</mulrotate>
        <centerX>66</centerX>
        <centerY>-15</centerY>
        <name>image7.png</name>
    </drawable>
    <drawable>
        <name>image8.png</name>
    </drawable>
    <drawable>
        <rotate>1</rotate>
        <mulrotate>1</mulrotate>
        <centerX>0</centerX>
        <centerY>67</centerY>
        <name>image9.png</name>
    </drawable>
    <drawable>
        <rotate>1</rotate>
        <mulrotate>1</mulrotate>
        <centerX>0</centerX>
        <centerY>67</centerY>
        <name>image10.png</name>
    </drawable>
    <drawable>
        <name>image11.png</name>
    </drawable>
    <drawable>
        <rotate>1</rotate>
        <mulrotate>1</mulrotate>
        <name>image12.png</name>
    </drawable>
    <drawable>
        <rotate>1</rotate>
        <mulrotate>1</mulrotate>
        <name>image13.png</name>
    </drawable>
    <drawable>
        <rotate>2</rotate>
        <mulrotate>1</mulrotate>
        <name>image14.png</name>
    </drawable>
    <drawable>
        <rotate>2</rotate>
        <mulrotate>1</mulrotate>
        <name>image15.png</name>
    </drawable>
    <drawable>
        <rotate>3</rotate>
        <mulrotate>1</mulrotate>
        <centerX>-3</centerX>
        <centerY>-2</centerY>
        <name>image16.png</name>
    </drawable>
    <drawable>
        <rotate>3</rotate>
        <mulrotate>1</mulrotate>
        <name>image17.png</name>
    </drawable>
    <drawable>
        <rotate>3</rotate>
        <mulrotate>1</mulrotate>
        <name>image18.png</name>
    </drawable>
    <drawable>
        <name>image19.png</name>
    </drawable>
</clockskin>
