<?xml version="1.0" encoding="utf-8"?>
<clockskin>
	<drawable>
		<name>grund.png</name>
	</drawable>
	<drawable>
		<name>std.xml</name>
		<arraytype>7</arraytype>
		<centerX>-200</centerX>
	</drawable>
	<drawable>
		<name>std_f.xml</name>
		<arraytype>7</arraytype>
		<centerX>200</centerX>
	</drawable>
	<drawable>
		<name>min_v.xml</name>
		<arraytype>8</arraytype>
		<centerX>200</centerX>
	</drawable>
	<drawable>
		<name>min_h.xml</name>
		<arraytype>8</arraytype>
		<centerX>-200</centerX>
	</drawable>
	<drawable>
		<name>min_f.png</name>
	</drawable>
	<drawable>
		<name>sec.xml</name>
		<arraytype>9</arraytype>
		<centerX>-200</centerX>
	</drawable>
	<drawable>
		<name>dkl.png</name>
	</drawable>
<!--COMMENTED BY ClockSkinMaker
<metadata gui='rra' version='1.4.0.0'/>
-->
</clockskin>