<clockskin>
    <drawable>
        <name>image1.png</name>
    </drawable>
    <drawable>
        <rotate>3</rotate>
        <mulrotate>5</mulrotate>
        <centerX>5</centerX>
        <centerY>110</centerY>
        <name>image2.png</name>
    </drawable>
    <drawable>
        <rotate>3</rotate>
        <mulrotate>5</mulrotate>
        <centerX>0</centerX>
        <centerY>105</centerY>
        <name>image3.png</name>
    </drawable>
    <drawable>
        <name>image4.png</name>
    </drawable>
    <drawable>
        <name>digital1.xml</name>
        <arraytype>4</arraytype>
        <centerX>-89</centerX>
        <centerY>-14</centerY>
    </drawable>
    <drawable>
        <rotate>5</rotate>
        <mulrotate>1</mulrotate>
        <centerX>-89</centerX>
        <centerY>3</centerY>
        <name>image5.png</name>
    </drawable>
    <drawable>
        <name>image6.png</name>
    </drawable>
    <drawable>
        <rotate>6</rotate>
        <mulrotate>2</mulrotate>
        <centerX>92</centerX>
        <centerY>3</centerY>
        <name>image5.png</name>
    </drawable>
    <drawable>
        <rotate>1</rotate>
        <mulrotate>1</mulrotate>
        <centerX>5</centerX>
        <centerY>5</centerY>
        <name>image8.png</name>
    </drawable>
    <drawable>
        <rotate>1</rotate>
        <mulrotate>1</mulrotate>
        <name>image9.png</name>
    </drawable>
    <drawable>
        <rotate>2</rotate>
        <mulrotate>1</mulrotate>
        <centerX>5</centerX>
        <centerY>5</centerY>
        <name>image10.png</name>
    </drawable>
    <drawable>
        <rotate>2</rotate>
        <mulrotate>1</mulrotate>
        <centerX>1</centerX>
        <centerY>1</centerY>
        <name>image11.png</name>
    </drawable>
    <drawable>
        <rotate>10</rotate>
        <mulrotate>1</mulrotate>
        <centerX>5</centerX>
        <centerY>5</centerY>
        <name>image12.png</name>
    </drawable>
    <drawable>
        <rotate>3</rotate>
        <mulrotate>1</mulrotate>
        <name>image13.png</name>
    </drawable>
</clockskin>
