<?xml version="1.0" encoding="utf-8"?>
<drawables>
     <image>animation_7_13.png</image>
     <image>animation_8_1.png</image>
     <image>animation_8_2.png</image>
     <image>animation_8_3.png</image>
     <image>animation_8_4.png</image>
     <image>animation_8_5.png</image>
     <image>animation_8_6.png</image>
     <image>animation_8_7.png</image>
     <image>animation_8_8.png</image>
     <image>animation_8_9.png</image>
     <image>animation_8_10.png</image>
     <image>animation_8_11.png</image>
     <image>animation_8_12.png</image>
     <image>animation_8_13.png</image>
     <image>animation_8_14.png</image>
     <image>animation_8_15.png</image>
</drawables>
