<?xml version="1.0" encoding="utf-8"?>
<drawables>
     <image>animation_16_9.png</image>
     <image>animation_17_1.png</image>
     <image>animation_17_2.png</image>
     <image>animation_17_3.png</image>
     <image>animation_17_4.png</image>
     <image>animation_17_5.png</image>
     <image>animation_17_6.png</image>
     <image>animation_17_7.png</image>
     <image>animation_17_8.png</image>
     <image>animation_17_9.png</image>
     <image>animation_17_10.png</image>
     <image>animation_17_11.png</image>
     <image>animation_17_12.png</image>
     <image>animation_17_13.png</image>
</drawables>
