<?xml version="1.0" encoding="utf-8"?>
<drawables>
     <image>animation_14_0.png</image>
     <image>animation_14_1.png</image>
     <image>animation_14_2.png</image>
     <image>animation_14_3.png</image>
     <image>animation_14_4.png</image>
     <image>animation_14_5.png</image>
     <image>animation_14_6.png</image>
     <image>animation_14_7.png</image>
     <image>animation_14_8.png</image>
     <image>animation_14_9.png</image>
     <image>animation_14_10.png</image>
     <image>animation_14_11.png</image>
     <image>animation_14_12.png</image>
     <image>animation_14_13.png</image>
     <image>animation_14_14.png</image>
     <image>animation_14_15.png</image>
</drawables>
