<?xml version="1.0" encoding="utf-8"?>
<drawables>
     <name repeat="0">animated_image_29.xml</name>
     <name repeat="0">animated_image_30.xml</name>
     <name repeat="0">animated_image_31.xml</name>
     <name repeat="0">animated_image_32.xml</name>
     <name repeat="0">animated_image_33.xml</name>
     <name repeat="0">animated_image_34.xml</name>
     <image>digital4_6.png</image>
     <image>digital4_6.png</image>
     <image>digital4_6.png</image>
     <image>digital4_6.png</image>
     <image>digital1_10.png</image>
</drawables>
