<?xml version="1.0" encoding="utf-8"?>
<drawables>
     <name repeat="0">animated_image_55.xml</name>
     <name repeat="0">animated_image_56.xml</name>
     <name repeat="0">animated_image_57.xml</name>
     <image>digital4_6.png</image>
     <image>digital4_6.png</image>
     <image>digital4_6.png</image>
     <image>digital4_6.png</image>
     <image>digital4_6.png</image>
     <image>digital4_6.png</image>
     <image>digital4_6.png</image>
     <image>digital1_10.png</image>
</drawables>
