<?xml version="1.0" encoding="utf-8"?>
<drawables>
     <name repeat="0">animated_image_35.xml</name>
     <name repeat="0">animated_image_36.xml</name>
     <name repeat="0">animated_image_37.xml</name>
     <name repeat="0">animated_image_38.xml</name>
     <name repeat="0">animated_image_39.xml</name>
     <name repeat="0">animated_image_40.xml</name>
     <name repeat="0">animated_image_41.xml</name>
     <name repeat="0">animated_image_42.xml</name>
     <name repeat="0">animated_image_43.xml</name>
     <name repeat="0">animated_image_44.xml</name>
     <image>digital1_10.png</image>
</drawables>
