<?xml version="1.0" encoding="utf-8"?>
<drawables>
     <name repeat="0">animated_image_58.xml</name>
     <name repeat="0">animated_image_59.xml</name>
     <name repeat="0">animated_image_60.xml</name>
     <image>digital4_6.png</image>
     <image>digital4_6.png</image>
     <image>digital4_6.png</image>
     <image>digital4_6.png</image>
     <image>digital4_6.png</image>
     <image>digital4_6.png</image>
     <image>digital4_6.png</image>
     <image>digital1_10.png</image>
</drawables>
