<?xml version="1.0" encoding="utf-8"?>
<drawables>
     <name repeat="0">animated_image_45.xml</name>
     <name repeat="0">animated_image_46.xml</name>
     <name repeat="0">animated_image_47.xml</name>
     <name repeat="0">animated_image_48.xml</name>
     <name repeat="0">animated_image_49.xml</name>
     <name repeat="0">animated_image_50.xml</name>
     <name repeat="0">animated_image_51.xml</name>
     <name repeat="0">animated_image_52.xml</name>
     <name repeat="0">animated_image_53.xml</name>
     <name repeat="0">animated_image_54.xml</name>
     <image>digital1_10.png</image>
</drawables>
