<?xml version="1.0" encoding="utf-8"?>
<drawables>
     <name repeat="0">animated_image_23.xml</name>
     <name repeat="0">animated_image_24.xml</name>
     <name repeat="0">animated_image_25.xml</name>
     <name repeat="0">animated_image_26.xml</name>
     <name repeat="0">animated_image_27.xml</name>
     <name repeat="0">animated_image_28.xml</name>
     <image>animation_9_16.png</image>
     <image>animation_10_16.png</image>
     <image>animation_11_12.png</image>
     <image>animation_3_0.png</image>
     <image>digital1_10.png</image>
</drawables>
