<?xml version="1.0" encoding="utf-8"?>
<clockskin>
	<drawable>
		<name>Back.png</name>
	</drawable>
	<drawable>
		<name>Base.png</name>
	</drawable>
	<drawable>
		<name>BL 1-0.xml</name>
		<arraytype>9</arraytype>
		<centerX>-200</centerX>
	</drawable>
	<drawable>
		<name>BL 0-10.xml</name>
		<arraytype>9</arraytype>
		<centerX>200</centerX>
	</drawable>
	<drawable>
		<name>Frame.png</name>
	</drawable>
	<drawable>
		<name>Ticks_1.png</name>
	</drawable>
	<drawable>
		<name>wd m batt base.png</name>
	</drawable>
	<drawable>
		<name>batt rotate.png</name>
		<rotate>6</rotate>
		<centerY>99</centerY>
	</drawable>
	<drawable>
		<name>wd rotate.png</name>
		<rotate>5</rotate>
		<centerX>-87</centerX>
		<centerY>-50</centerY>
	</drawable>
	<drawable>
		<name>month rotate.png</name>
		<rotate>4</rotate>
		<centerX>87</centerX>
		<centerY>-50</centerY>
	</drawable>
	<drawable>
		<name>Day.xml</name>
		<arraytype>4</arraytype>
		<centerY>142</centerY>
	</drawable>
	<drawable>
		<name>HH_2.png</name>
		<rotate>1</rotate>
	</drawable>
	<drawable>
		<name>MH_2.png</name>
		<rotate>2</rotate>
	</drawable>
	<drawable>
		<name>SH.png</name>
		<rotate>3</rotate>
	</drawable>
<!--COMMENTED BY ClockSkinMaker
<metadata gui='rra' version='2.0.0.2'/>
-->
</clockskin>