<?xml version="1.0" encoding="utf-8"?>
<clockskin>
	<drawable>
		<name>clock_skin_panel.png</name>
	</drawable>
	<drawable>
		<name>day_array.xml</name>
		<arraytype>4</arraytype>
		<centerX>122</centerX>
	</drawable>
	<drawable>
		<arraytype>99</arraytype>
		<centerX>82</centerX>
		<centerY>-54</centerY>
	</drawable>
	<drawable>
		<name>clock_skin_sub_battery.png</name>
		<rotate>6</rotate>
		<centerX>-90</centerX>
		<direction>1</direction>
		<mulrotate>2</mulrotate>
	</drawable>
	<drawable>
		<name>clock_skin_sub_month.png</name>
		<rotate>4</rotate>
		<centerY>-86</centerY>
	</drawable>
	<drawable>
		<name>weekday_array.xml</name>
		<arraytype>5</arraytype>
		<centerX>100</centerX>
		<centerY>34</centerY>
	</drawable>
	<drawable>
		<name>temp_array.xml</name>
		<arraytype>11</arraytype>
		<centerY>110</centerY>
	</drawable>
	<drawable>
		<name>weather_array.xml</name>
		<arraytype>10</arraytype>
		<centerY>70</centerY>
	</drawable>
	<drawable>
		<name>clock_skin_hour.png</name>
		<rotate>1</rotate>
	</drawable>
	<drawable>
		<name>clock_skin_minute.png</name>
		<rotate>2</rotate>
	</drawable>
	<drawable>
		<name>clock_skin_second.png</name>
		<rotate>3</rotate>
	</drawable>
<!--COMMENTED BY ClockSkinMaker
<metadata gui='rra' version='1.4.0.0'/>
-->
</clockskin>