<?xml version="1.0" encoding="utf-8"?>
<clockskin>
	<drawable>
		<name>clock_bg.png</name>
	</drawable>
	<drawable>
		<name>date_array.xml</name>
		<arraytype>4</arraytype>
		<centerY>161</centerY>
	</drawable>
	<drawable>
		<name>clock_smallhand_shadow.png</name>
		<rotate>3</rotate>
		<centerX>83</centerX>
		<centerY>-47</centerY>
		<mulrotate>6</mulrotate>
	</drawable>
	<drawable>
		<name>clock_smallhand.png</name>
		<rotate>3</rotate>
		<centerX>82</centerX>
		<centerY>-48</centerY>
		<mulrotate>6</mulrotate>
	</drawable>
	<drawable>
		<name>clock_smallhand_shadow.png</name>
		<rotate>3</rotate>
		<centerX>-81</centerX>
		<centerY>-47</centerY>
	</drawable>
	<drawable>
		<name>clock_smallhand.png</name>
		<rotate>3</rotate>
		<centerX>-82</centerX>
		<centerY>-48</centerY>
	</drawable>
	<drawable>
		<name>clock_smallhand_shadow.png</name>
		<rotate>3</rotate>
		<centerX>1</centerX>
		<centerY>96</centerY>
	</drawable>
	<drawable>
		<name>clock_smallhand.png</name>
		<rotate>3</rotate>
		<centerY>95</centerY>
	</drawable>
	<drawable>
		<name>clock_hour_shadow.png</name>
		<rotate>1</rotate>
		<centerX>3</centerX>
		<centerY>3</centerY>
	</drawable>
	<drawable>
		<name>clock_hour.png</name>
		<rotate>1</rotate>
	</drawable>
	<drawable>
		<name>clock_minute_shadow.png</name>
		<rotate>2</rotate>
		<centerX>2</centerX>
		<centerY>2</centerY>
	</drawable>
	<drawable>
		<name>clock_minute.png</name>
		<rotate>2</rotate>
	</drawable>
	<drawable>
		<name>clock_second_shadow.png</name>
		<rotate>3</rotate>
		<centerX>2</centerX>
		<centerY>2</centerY>
	</drawable>
	<drawable>
		<name>clock_second.png</name>
		<rotate>3</rotate>
	</drawable>
<!--COMMENTED BY ClockSkinMaker
<metadata gui='rra' version='1.6.0.0'/>
-->
</clockskin>