<clockskin>
    <drawable>
        <name>image1.png</name>
    </drawable>
    <drawable>
        <name>digital1.xml</name>
        <arraytype>4</arraytype>
        <centerX>-31</centerX>
        <centerY>-118</centerY>
    </drawable>
    <drawable>
        <name>digital2.xml</name>
        <arraytype>4</arraytype>
        <centerX>-31</centerX>
        <centerY>-118</centerY>
    </drawable>
    <drawable>
        <name>digital3.xml</name>
        <arraytype>3</arraytype>
        <centerX>22</centerX>
        <centerY>-118</centerY>
    </drawable>
    <drawable>
        <name>digital4.xml</name>
        <arraytype>3</arraytype>
        <centerX>22</centerX>
        <centerY>-118</centerY>
    </drawable>
    <drawable>
        <name>digital5.xml</name>
        <arraytype>16</arraytype>
        <centerX>99</centerX>
        <centerY>-118</centerY>
    </drawable>
    <drawable>
        <name>digital6.xml</name>
        <arraytype>16</arraytype>
        <centerX>99</centerX>
        <centerY>-118</centerY>
    </drawable>
    <drawable>
        <name>image2.png</name>
    </drawable>
    <drawable>
        <name>digital7.xml</name>
        <arraytype>7</arraytype>
        <centerX>-10</centerX>
        <centerY>-47</centerY>
    </drawable>
    <drawable>
        <name>digital8.xml</name>
        <arraytype>7</arraytype>
        <centerX>-10</centerX>
        <centerY>-47</centerY>
    </drawable>
    <drawable>
        <name>digital9.xml</name>
        <arraytype>8</arraytype>
        <centerX>-10</centerX>
        <centerY>-18</centerY>
    </drawable>
    <drawable>
        <name>digital10.xml</name>
        <arraytype>8</arraytype>
        <centerX>-10</centerX>
        <centerY>-18</centerY>
    </drawable>
    <drawable>
        <name>digital11.xml</name>
        <arraytype>9</arraytype>
        <centerX>-10</centerX>
        <centerY>12</centerY>
    </drawable>
    <drawable>
        <name>digital12.xml</name>
        <arraytype>9</arraytype>
        <centerX>-10</centerX>
        <centerY>12</centerY>
    </drawable>
    <drawable>
        <name>digital13.xml</name>
        <arraytype>14</arraytype>
        <centerX>-10</centerX>
        <centerY>41</centerY>
    </drawable>
    <drawable>
        <name>digital14.xml</name>
        <arraytype>14</arraytype>
        <centerX>-10</centerX>
        <centerY>41</centerY>
    </drawable>
    <drawable>
        <name>digital15.xml</name>
        <arraytype>12</arraytype>
        <centerX>8</centerX>
        <centerY>71</centerY>
    </drawable>
    <drawable>
        <name>digital16.xml</name>
        <arraytype>12</arraytype>
        <centerX>8</centerX>
        <centerY>71</centerY>
    </drawable>
    <drawable>
        <name>digital17.xml</name>
        <arraytype>13</arraytype>
        <centerX>-11</centerX>
        <centerY>103</centerY>
    </drawable>
    <drawable>
        <name>digital18.xml</name>
        <arraytype>13</arraytype>
        <centerX>-11</centerX>
        <centerY>103</centerY>
    </drawable>
    <drawable>
        <name>digital19.xml</name>
        <arraytype>10</arraytype>
        <centerX>33</centerX>
        <centerY>126</centerY>
    </drawable>
    <drawable>
        <name>digital20.xml</name>
        <arraytype>10</arraytype>
        <centerX>-7</centerX>
        <centerY>164</centerY>
    </drawable>
    <drawable>
        <name>digital21.xml</name>
        <arraytype>10</arraytype>
        <centerX>33</centerX>
        <centerY>126</centerY>
    </drawable>
    <drawable>
        <name>image3.png</name>
    </drawable>
</clockskin>
