<?xml version="1.0" encoding="utf-8"?>
<drawables>
     <image>digital20_0.png</image>
     <image>digital20_1.png</image>
     <image>digital20_2.png</image>
     <image>digital20_3.png</image>
     <image>digital20_4.png</image>
     <image>digital20_5.png</image>
     <image>digital20_6.png</image>
     <image>digital20_7.png</image>
     <image>digital20_8.png</image>
     <image>digital20_9.png</image>
     <image>digital20_10.png</image>
     <image>digital20_9.png</image>
     <image>digital20_12.png</image>
     <image>digital20_13.png</image>
     <image>digital20_14.png</image>
</drawables>
