<?xml version="1.0" encoding="utf-8"?>
<drawables>
     <image>digital19_0.png</image>
     <image>digital19_1.png</image>
     <image>digital19_2.png</image>
     <image>digital19_3.png</image>
     <image>digital19_4.png</image>
     <image>digital19_5.png</image>
     <image>digital19_6.png</image>
     <image>digital19_7.png</image>
     <image>digital19_8.png</image>
     <image>digital19_9.png</image>
     <image>digital19_10.png</image>
     <image>digital19_11.png</image>
     <image>digital19_12.png</image>
     <image>digital19_13.png</image>
     <image>digital19_14.png</image>
</drawables>
