<clockskin>
    <drawable>
        <name>image1.png</name>
    </drawable>
    <drawable>
        <name>animated_image_1.xml</name>
        <framerate>2.00000000000000</framerate>
        <centerX>0</centerX>
        <centerY>-75</centerY>
        <rotate>3</rotate>
        <direction>2</direction>
        <mulrotate>1</mulrotate>
    </drawable>
    <drawable>
        <name>image2.png</name>
    </drawable>
    <drawable>
        <rotate>20</rotate>
        <mulrotate>1</mulrotate>
        <name>image3.png</name>
    </drawable>
    <drawable>
        <name>image4.png</name>
    </drawable>
    <drawable>
        <name>animated_image_2.xml</name>
        <framerate>120.00000000000000</framerate>
        <centerX>76</centerX>
        <centerY>-42</centerY>
        <rotate>3</rotate>
        <direction>2</direction>
        <mulrotate>60</mulrotate>
    </drawable>
    <drawable>
        <name>image5.png</name>
    </drawable>
    <drawable>
        <name>animated_image_3.xml</name>
        <framerate>4.00000000000000</framerate>
        <centerX>-73</centerX>
        <centerY>-42</centerY>
        <rotate>3</rotate>
        <mulrotate>2</mulrotate>
        <movement>3</movement>
    </drawable>
    <drawable>
        <name>image6.png</name>
    </drawable>
    <drawable>
        <name>animated_image_4.xml</name>
        <framerate>2.00000000000000</framerate>
        <centerX>0</centerX>
        <centerY>86</centerY>
        <rotate>3</rotate>
        <mulrotate>1</mulrotate>
        <movement>4</movement>
    </drawable>
    <drawable>
        <name>image7.png</name>
    </drawable>
    <drawable>
        <name>animated_image_5.xml</name>
        <framerate>0.00277777777778</framerate>
        <rotate>1</rotate>
        <mulrotate>1</mulrotate>
    </drawable>
    <drawable>
        <name>animated_image_6.xml</name>
        <framerate>0.03333333333333</framerate>
        <rotate>2</rotate>
        <mulrotate>1</mulrotate>
    </drawable>
    <drawable>
        <name>animated_image_7.xml</name>
        <framerate>2.00000000000000</framerate>
        <rotate>3</rotate>
        <mulrotate>1</mulrotate>
    </drawable>
    <drawable>
        <name>image8.png</name>
    </drawable>
</clockskin>
