<clockskin>
    <drawable>
        <name>digital1.xml</name>
        <arraytype>9</arraytype>
        <centerX>18</centerX>
        <centerY>-59</centerY>
    </drawable>
    <drawable>
        <name>digital2.xml</name>
        <arraytype>9</arraytype>
        <centerX>-80</centerX>
        <centerY>-80</centerY>
    </drawable>
    <drawable>
        <name>digital3.xml</name>
        <arraytype>9</arraytype>
        <centerX>25</centerX>
        <centerY>-119</centerY>
    </drawable>
    <drawable>
        <name>digital4.xml</name>
        <arraytype>9</arraytype>
        <centerX>64</centerX>
        <centerY>-149</centerY>
    </drawable>
    <drawable>
        <name>digital5.xml</name>
        <arraytype>9</arraytype>
        <centerX>-257</centerX>
        <centerY>-162</centerY>
    </drawable>
    <drawable>
        <name>digital5.xml</name>
        <arraytype>9</arraytype>
        <centerX>120</centerX>
        <centerY>-169</centerY>
    </drawable>
    <drawable>
        <name>digital6.xml</name>
        <arraytype>9</arraytype>
        <centerX>72</centerX>
        <centerY>-71</centerY>
    </drawable>
    <drawable>
        <name>digital7.xml</name>
        <arraytype>9</arraytype>
        <centerX>125</centerX>
        <centerY>-61</centerY>
    </drawable>
    <drawable>
        <name>digital8.xml</name>
        <arraytype>9</arraytype>
        <centerX>-28</centerX>
        <centerY>-88</centerY>
    </drawable>
    <drawable>
        <name>digital9.xml</name>
        <arraytype>9</arraytype>
        <centerX>5</centerX>
        <centerY>-173</centerY>
    </drawable>
    <drawable>
        <name>digital10.xml</name>
        <arraytype>9</arraytype>
        <centerX>-122</centerX>
        <centerY>-109</centerY>
    </drawable>
    <drawable>
        <name>digital11.xml</name>
        <arraytype>9</arraytype>
        <centerX>123</centerX>
        <centerY>-97</centerY>
    </drawable>
    <drawable>
        <name>digital12.xml</name>
        <arraytype>9</arraytype>
        <centerX>-158</centerX>
        <centerY>-73</centerY>
    </drawable>
    <drawable>
        <name>digital13.xml</name>
        <arraytype>9</arraytype>
        <centerX>-106</centerX>
        <centerY>-143</centerY>
    </drawable>
    <drawable>
        <name>digital14.xml</name>
        <arraytype>9</arraytype>
        <centerX>13</centerX>
        <centerY>-171</centerY>
    </drawable>
    <drawable>
        <name>image1.png</name>
    </drawable>
    <drawable>
        <name>image2.png</name>
        <rotate>3</rotate>
        <mulrotate>4</mulrotate>
        <centerX>26</centerX>
        <centerY>24</centerY>
    </drawable>
    <drawable>
        <name>digital15.xml</name>
        <arraytype>9</arraytype>
        <centerX>99</centerX>
        <centerY>37</centerY>
    </drawable>
    <drawable>
        <name>image3.png</name>
    </drawable>
    <drawable>
        <name>digital16.xml</name>
        <arraytype>9</arraytype>
        <centerX>51</centerX>
        <centerY>39</centerY>
    </drawable>
    <drawable>
        <name>image4.png</name>
    </drawable>
    <drawable>
        <name>digital17.xml</name>
        <arraytype>7</arraytype>
        <centerX>-75</centerX>
        <centerY>131</centerY>
    </drawable>
    <drawable>
        <name>digital18.xml</name>
        <arraytype>5</arraytype>
        <centerX>4</centerX>
        <centerY>124</centerY>
    </drawable>
    <drawable>
        <name>digital19.xml</name>
        <arraytype>4</arraytype>
        <centerX>2</centerX>
        <centerY>167</centerY>
    </drawable>
    <drawable>
        <name>digital20.xml</name>
        <arraytype>8</arraytype>
        <centerX>88</centerX>
        <centerY>130</centerY>
    </drawable>
    <drawable>
        <name>image5.png</name>
    </drawable>
</clockskin>
