<?xml version="1.0" encoding="utf-8"?>
<clockskin>
	<drawable>
		<name>grund.png</name>
	</drawable>
	<drawable>
		<name>z_akku.png</name>
		<rotate>6</rotate>
		<centerY>72</centerY>
		<mulrotate>2</mulrotate>
	</drawable>
	<drawable>
		<name>z_kl_sec.png</name>
		<rotate>3</rotate>
		<centerY>-67</centerY>
		<mulrotate>2</mulrotate>
	</drawable>
	<drawable>
		<name>kl_min.png</name>
		<rotate>2</rotate>
		<centerX>-71</centerX>
		<centerY>3</centerY>
	</drawable>
	<drawable>
		<name>tag.xml</name>
		<arraytype>5</arraytype>
		<centerX>59</centerX>
		<centerY>3</centerY>
	</drawable>
	<drawable>
		<name>tagzahl.xml</name>
		<arraytype>4</arraytype>
		<centerX>93</centerX>
		<centerY>3</centerY>
	</drawable>
	<drawable>
		<name>z_std.png</name>
		<rotate>1</rotate>
	</drawable>
	<drawable>
		<name>z_min.png</name>
		<rotate>2</rotate>
	</drawable>
	<drawable>
		<name>z_sec.png</name>
		<rotate>3</rotate>
	</drawable>
<!--COMMENTED BY ClockSkinMaker
<metadata gui='rra' version='1.4.0.0'/>
-->
</clockskin>