<?xml version="1.0" encoding="utf-8"?>
<clockskin>
	<drawable>
		<name>face.png</name>
	</drawable>
	<drawable>
		<name>special.png</name>
		<centerX>0</centerX>
		<centerY>-85</centerY>
		<rotate>3</rotate>
		<mulrotate>2</mulrotate>
	</drawable>
	<drawable>
		<name>special.png</name>
		<centerX>0</centerX>
		<centerY>85</centerY>
		<rotate>2</rotate>
	</drawable>
	<drawable>
		<name>special_small.png</name>
		<centerX>-74</centerX>
		<centerY>0</centerY>
		<rotate>3</rotate>
	</drawable>
	<drawable>
		<name>hour_shadow.png</name>
		<rotate>1</rotate>
		<centerY>8</centerY>
	</drawable>
	<drawable>
		<name>hour.png</name>
		<rotate>1</rotate>
	</drawable>
	<drawable>
		<name>minute_shadow.png</name>
		<rotate>2</rotate>
		<centerY>8</centerY>
	</drawable>
	<drawable>
		<name>minute.png</name>
		<rotate>2</rotate>
	</drawable>
	<drawable>
		<name>second_shadow.png</name>
		<rotate>3</rotate>
		<centerY>8</centerY>
	</drawable>
	<drawable>
		<name>second.png</name>
		<rotate>3</rotate>
	</drawable>
	
<!--COMMENTED BY ClockSkinMaker
<metadata gui='rra' version='1.4.0.0'/>
-->
</clockskin>