<?xml version="1.0" encoding="utf-8"?>
<clockskin>
	<drawable>
		<name>U-BOAT_Chimera-7227_dial.png</name>
	</drawable>
	<drawable>
		<name>day_array.xml</name>
		<arraytype>4</arraytype>
		<centerX>108</centerX>
	</drawable>
	<drawable>
		<color>1</color>
		<arraytype>99</arraytype>
		<centerX>-25</centerX>
		<centerY>-75</centerY>
	</drawable>
	<drawable>
		<name>U-BOAT_Chimera-7227_arrow-hours.png</name>
		<rotate>1</rotate>
	</drawable>
	<drawable>
		<name>U-BOAT_Chimera-7227_arrow-minutes.png</name>
		<rotate>2</rotate>
	</drawable>
	<drawable>
		<name>U-BOAT_Chimera-7227_arrow-seconds.png</name>
		<rotate>3</rotate>
	</drawable>
<!--COMMENTED BY ClockSkinMaker
<metadata gui='rra' version='1.5.0.0'/>
-->
</clockskin>