<clockskin>
    <drawable>
        <name>image1.png</name>
    </drawable>
    <drawable>
        <name>digital1.xml</name>
        <arraytype>10</arraytype>
        <centerX>-55</centerX>
        <centerY>81</centerY>
    </drawable>
    <drawable>
        <name>digital2.xml</name>
        <arraytype>11</arraytype>
        <centerX>-53</centerX>
        <centerY>55</centerY>
    </drawable>
    <drawable>
        <rotate>7</rotate>
        <mulrotate>1</mulrotate>
        <centerX>-12</centerX>
        <centerY>14</centerY>
        <name>image2.png</name>
    </drawable>
    <drawable>
        <name>digital3.xml</name>
        <arraytype>12</arraytype>
        <centerX>109</centerX>
        <centerY>-84</centerY>
    </drawable>
    <drawable>
        <name>digital4.xml</name>
        <arraytype>13</arraytype>
        <centerX>91</centerX>
        <centerY>-65</centerY>
    </drawable>
    <drawable>
        <name>digital5.xml</name>
        <arraytype>14</arraytype>
        <centerX>-126</centerX>
        <centerY>10</centerY>
    </drawable>
    <drawable>
        <name>digital6.xml</name>
        <arraytype>5</arraytype>
        <centerX>103</centerX>
        <centerY>26</centerY>
    </drawable>
    <drawable>
        <name>digital7.xml</name>
        <arraytype>6</arraytype>
        <centerX>-59</centerX>
        <centerY>-46</centerY>
    </drawable>
    <drawable>
        <name>image3.png</name>
    </drawable>
    <drawable>
        <name>digital8.xml</name>
        <arraytype>2</arraytype>
        <centerX>101</centerX>
        <centerY>73</centerY>
    </drawable>
    <drawable>
        <name>image4.png</name>
    </drawable>
    <drawable>
        <rotate>7</rotate>
        <mulrotate>1</mulrotate>
        <centerX>101</centerX>
        <centerY>51</centerY>
        <name>image5.png</name>
    </drawable>
    <drawable>
        <rotate>1</rotate>
        <mulrotate>1</mulrotate>
        <centerX>-61</centerX>
        <centerY>7</centerY>
        <name>image6.png</name>
    </drawable>
    <drawable>
        <rotate>2</rotate>
        <mulrotate>1</mulrotate>
        <centerX>-61</centerX>
        <centerY>7</centerY>
        <name>image7.png</name>
    </drawable>
    <drawable>
        <rotate>10</rotate>
        <mulrotate>1</mulrotate>
        <centerX>-61</centerX>
        <centerY>7</centerY>
        <name>image8.png</name>
    </drawable>
    <drawable>
        <rotate>3</rotate>
        <mulrotate>1</mulrotate>
        <centerX>-61</centerX>
        <centerY>7</centerY>
        <name>image9.png</name>
    </drawable>
    <drawable>
        <name>image10.png</name>
    </drawable>
</clockskin>
