<?xml version="1.0" encoding="utf-8"?>
<clockskin>
	<drawable>
		<name>gear1.png</name>
		<rotate>3</rotate>
		<centerX>-19</centerX>
		<centerY>-18</centerY>
		<direction>2</direction>
		<mulrotate>2</mulrotate>
	</drawable>
	<drawable>
		<name>gear2.png</name>
		<rotate>3</rotate>
		<centerX>58</centerX>
		<direction>2</direction>
		<mulrotate>4</mulrotate>
	</drawable>
	<drawable>
		<name>gear3.png</name>
		<rotate>3</rotate>
		<centerY>50</centerY>
		<direction>1</direction>
		<mulrotate>2</mulrotate>
	</drawable>
	<drawable>
		<name>image1a.png</name>
	</drawable>
	<drawable>
		<name>image2.png</name>
		<rotate>6</rotate>
		<angle>-65</angle>
	</drawable>
	<drawable>
		<name>image3.png</name>
	</drawable>
	<drawable>
		<name>digital1_5.xml</name>
		<arraytype>4</arraytype>
		<centerX>-87</centerX>
		<centerY>63</centerY>
	</drawable>
	<drawable>
		<name>digital1.xml</name>
		<arraytype>4</arraytype>
		<centerX>303</centerX>
		<centerY>58</centerY>
	</drawable>
	<drawable>
		<name>image4.png</name>
	</drawable>
	<drawable>
		<name>hour-sh.png</name>
		<rotate>1</rotate>
		<centerX>3</centerX>
		<centerY>4</centerY>
	</drawable>
	<drawable>
		<name>hour.png</name>
		<rotate>1</rotate>
	</drawable>
	<drawable>
		<name>minute-sh.png</name>
		<rotate>2</rotate>
		<centerX>4</centerX>
		<centerY>4</centerY>
	</drawable>
	<drawable>
		<name>sec-sh.png</name>
		<rotate>3</rotate>
		<centerX>6</centerX>
		<centerY>6</centerY>
	</drawable>
	<drawable>
		<name>minute.png</name>
		<rotate>2</rotate>
	</drawable>
	<drawable>
		<name>sec.png</name>
		<rotate>3</rotate>
	</drawable>
	<drawable>
		<name>center.png</name>
	</drawable>
	<drawable>
		<name>shadow.png</name>
	</drawable>
<!--COMMENTED BY ClockSkinMaker
<metadata gui='rra' version='2.0.0.2'/>
-->
</clockskin>