<?xml version="1.0" encoding="utf-8"?>
<clockskin>
	<drawable>
		<name>grund.png</name>
	</drawable>
	<drawable>
		<name>zahl_s.png</name>
		<centerX>4</centerX>
		<centerY>4</centerY>
	</drawable>
	<drawable>
		<name>min_s.png</name>
		<rotate>1</rotate>
		<centerX>3</centerX>
		<centerY>3</centerY>
	</drawable>
	<drawable>
		<name>min.png</name>
		<rotate>1</rotate>
	</drawable>
	<drawable>
		<name>std_s.png</name>
		<rotate>2</rotate>
		<centerX>2</centerX>
		<centerY>2</centerY>
	</drawable>
	<drawable>
		<name>std.png</name>
		<rotate>2</rotate>
	</drawable>
	<drawable>
		<name>zahl.png</name>
	</drawable>
	<drawable>
		<name>sch.png</name>
	</drawable>
<!--COMMENTED BY ClockSkinMaker
<metadata gui='rra' version='1.4.0.0'/>
-->
</clockskin>