<clockskin>
    <drawable>
        <name>image1.png</name>
    </drawable>
    <drawable>
        <name>digital1.xml</name>
        <arraytype>2</arraytype>
        <centerX>140</centerX>
        <centerY>-21</centerY>
    </drawable>
    <drawable>
        <name>digital2.xml</name>
        <arraytype>5</arraytype>
        <centerX>141</centerX>
        <centerY>-40</centerY>
    </drawable>
    <drawable>
        <name>digital3.xml</name>
        <arraytype>14</arraytype>
        <centerX>-142</centerX>
        <centerY>40</centerY>
    </drawable>
    <drawable>
        <name>image2.png</name>
    </drawable>
    <drawable>
        <name>digital4.xml</name>
        <arraytype>9</arraytype>
        <centerX>-200</centerX>
        <centerY>0</centerY>
    </drawable>
    <drawable>
        <name>digital5.xml</name>
        <arraytype>9</arraytype>
        <centerX>200</centerX>
        <centerY>0</centerY>
    </drawable>
    <drawable>
        <name>image3.png</name>
    </drawable>
    <drawable>
        <name>digital6.xml</name>
        <arraytype>6</arraytype>
        <centerX>2</centerX>
        <centerY>-7</centerY>
    </drawable>
    <drawable>
        <name>image4.png</name>
    </drawable>
    <drawable>
        <name>digital7.xml</name>
        <arraytype>13</arraytype>
        <centerX>121</centerX>
        <centerY>-7</centerY>
    </drawable>
    <drawable>
        <name>digital8.xml</name>
        <arraytype>12</arraytype>
        <centerX>-128</centerX>
        <centerY>-7</centerY>
    </drawable>
    <drawable>
        <name>image5.png</name>
    </drawable>
    <drawable>
        <name>digital9.xml</name>
        <arraytype>5</arraytype>
        <centerX>-120</centerX>
        <centerY>56</centerY>
    </drawable>
    <drawable>
        <name>digital10.xml</name>
        <arraytype>3</arraytype>
        <centerX>-11</centerX>
        <centerY>57</centerY>
    </drawable>
    <drawable>
        <name>digital11.xml</name>
        <arraytype>4</arraytype>
        <centerX>50</centerX>
        <centerY>57</centerY>
    </drawable>
    <drawable>
        <name>digital12.xml</name>
        <arraytype>11</arraytype>
        <centerX>119</centerX>
        <centerY>57</centerY>
    </drawable>
    <drawable>
        <name>image6.png</name>
    </drawable>
    <drawable>
        <arraytype>100</arraytype>
        <centerX>79</centerX>
        <centerY>-140</centerY>
        <range>28</range>
        <cls>com.android.music.MusicBrowserActivity</cls>
        <pkg>com.android.music</pkg>
    </drawable>
    <drawable>
        <arraytype>100</arraytype>
        <centerX>-84</centerX>
        <centerY>-138</centerY>
        <range>27</range>
        <cls>com.android.contacts.activities.PeopleActivity</cls>
        <pkg>com.android.contacts</pkg>
    </drawable>
    <drawable>
        <arraytype>100</arraytype>
        <centerX>0</centerX>
        <centerY>-148</centerY>
        <range>41</range>
        <cls>com.android.dialer.DialtactsWearActivity</cls>
        <pkg>com.android.dialer</pkg>
    </drawable>
    <drawable>
        <arraytype>100</arraytype>
        <centerX>2</centerX>
        <centerY>147</centerY>
        <range>38</range>
        <cls>com.android.camera.CameraLauncher</cls>
        <pkg>com.mediatek.camera</pkg>
    </drawable>
    <drawable>
        <arraytype>100</arraytype>
        <centerX>87</centerX>
        <centerY>138</centerY>
        <range>30</range>
        <cls>com.mediatek.filemanager.FileManagerBasePagerActivity</cls>
        <pkg>com.mediatek.filemanager</pkg>
    </drawable>
    <drawable>
        <arraytype>100</arraytype>
        <centerX>-85</centerX>
        <centerY>137</centerY>
        <range>30</range>
        <cls>com.android.mms.ui.BootActivity</cls>
        <pkg>com.android.mms</pkg>
    </drawable>
</clockskin>
<!-- Created on WatchFace Designer 0.14.2 beta -->
<!-- Exported for Android 7.1+ Stock ClockSkin Engine -->
