<?xml version="1.0" encoding="utf-8"?>
<drawables>
     <image>animation_2_0.png</image>
     <image>animation_2_0.png</image>
     <image>animation_2_0.png</image>
     <image>animation_2_3.png</image>
     <image>animation_2_3.png</image>
     <image>animation_2_5.png</image>
     <image>animation_2_6.png</image>
     <image>animation_2_7.png</image>
     <image>animation_2_8.png</image>
     <image>animation_2_8.png</image>
     <image>animation_2_8.png</image>
     <image>animation_2_11.png</image>
     <image>animation_1_15.png</image>
</drawables>
