<clockskin>
    <drawable>
        <name>image1.png</name>
    </drawable>
    <drawable>
        <name>digital1.xml</name>
        <arraytype>6</arraytype>
        <centerX>0</centerX>
        <centerY>110</centerY>
    </drawable>
    <drawable>
        <name>digital2.xml</name>
        <arraytype>9</arraytype>
        <centerX>-199</centerX>
        <centerY>150</centerY>
    </drawable>
    <drawable>
        <name>digital3.xml</name>
        <arraytype>9</arraytype>
        <centerX>201</centerX>
        <centerY>150</centerY>
    </drawable>
    <drawable>
        <name>digital4.xml</name>
        <arraytype>14</arraytype>
        <centerX>-188</centerX>
        <centerY>12</centerY>
    </drawable>
    <drawable>
        <name>digital5.xml</name>
        <arraytype>14</arraytype>
        <centerX>212</centerX>
        <centerY>12</centerY>
    </drawable>
    <drawable>
        <name>digital6.xml</name>
        <arraytype>14</arraytype>
        <centerX>612</centerX>
        <centerY>12</centerY>
    </drawable>
    <drawable>
        <name>digital7.xml</name>
        <arraytype>4</arraytype>
        <centerX>12</centerX>
        <centerY>64</centerY>
    </drawable>
    <drawable>
        <name>digital8.xml</name>
        <arraytype>3</arraytype>
        <centerX>-53</centerX>
        <centerY>64</centerY>
    </drawable>
    <drawable>
        <name>digital9.xml</name>
        <arraytype>5</arraytype>
        <centerX>83</centerX>
        <centerY>64</centerY>
    </drawable>
    <drawable>
        <name>digital10.xml</name>
        <arraytype>12</arraytype>
        <centerX>-133</centerX>
        <centerY>0</centerY>
    </drawable>
    <drawable>
        <name>digital11.xml</name>
        <arraytype>12</arraytype>
        <centerX>267</centerX>
        <centerY>0</centerY>
    </drawable>
    <drawable>
        <name>digital12.xml</name>
        <arraytype>12</arraytype>
        <centerX>-133</centerX>
        <centerY>0</centerY>
    </drawable>
    <drawable>
        <name>digital13.xml</name>
        <arraytype>10</arraytype>
        <centerX>144</centerX>
        <centerY>-66</centerY>
    </drawable>
    <drawable>
        <name>digital14.xml</name>
        <arraytype>54</arraytype>
        <centerX>83</centerX>
        <centerY>-105</centerY>
    </drawable>
    <drawable>
        <name>digital15.xml</name>
        <arraytype>60</arraytype>
        <centerX>-9</centerX>
        <centerY>-105</centerY>
    </drawable>
    <drawable>
        <name>digital16.xml</name>
        <arraytype>13</arraytype>
        <centerX>-99</centerX>
        <centerY>-105</centerY>
    </drawable>
    <drawable>
        <name>digital17.xml</name>
        <arraytype>11</arraytype>
        <centerX>72</centerX>
        <centerY>-58</centerY>
    </drawable>
    <drawable>
        <name>digital18.xml</name>
        <arraytype>14</arraytype>
        <centerX>127</centerX>
        <centerY>11</centerY>
    </drawable>
    <drawable>
        <name>digital19.xml</name>
        <arraytype>6</arraytype>
        <centerX>135</centerX>
        <centerY>98</centerY>
    </drawable>
    <drawable>
        <arraytype>99</arraytype>
        <centerX>18</centerX>
        <centerY>-12</centerY>
    </drawable>
    <drawable>
        <name>image2.png</name>
    </drawable>
</clockskin>
<!-- Created on WatchFace Designer 0.14.2 beta -->
