<?xml version="1.0" encoding="utf-8"?>
<drawables>
     <image>digital13_0.png</image>
     <image>digital13_1.png</image>
     <image>digital13_2.png</image>
     <image>digital13_3.png</image>
     <image>digital13_4.png</image>
     <image>digital13_4.png</image>
     <image>digital13_6.png</image>
     <image>digital13_7.png</image>
     <image>digital13_8.png</image>
     <image>digital13_9.png</image>
     <image>digital13_10.png</image>
     <image>digital13_10.png</image>
     <image>digital13_12.png</image>
     <image>digital13_13.png</image>
     <image>digital13_14.png</image>
</drawables>
