<?xml version="1.0" encoding="utf-8"?>
<drawables>
     <image>digital19_0.png</image>
     <image>digital19_0.png</image>
     <image>digital19_0.png</image>
     <image>digital19_0.png</image>
     <image>digital19_0.png</image>
     <image>digital19_0.png</image>
     <image>digital19_0.png</image>
     <image>digital19_0.png</image>
     <image>digital19_0.png</image>
     <image>digital19_0.png</image>
     <image>digital19_0.png</image>
     <image>digital19_11.png</image>
     <image>digital19_12.png</image>
</drawables>
