<?xml version="1.0" encoding="utf-8"?>
<clockskin>
       <drawable>
		<name>OUT.xml</name>
		<arraytype>80</arraytype>        
	</drawable>
	<drawable>
		<name>STARA ura2.png</name>
	</drawable>
	<drawable>
		<name>image1.png</name>
	</drawable>
	<drawable>
		<name>bat.xml</name>
		<arraytype>14</arraytype>
		<centerX>-50</centerX>
		<centerY>7</centerY>
	</drawable>
	<drawable>
		<name>steps.xml</name>
		<arraytype>12</arraytype>
		<centerX>8</centerX>
		<centerY>76</centerY>
	</drawable>
	<drawable>
		<name>dan.xml</name>
		<arraytype>4</arraytype>
		<centerX>86</centerX>
	</drawable>
	<drawable>
		<name>image7.png</name>
		<rotate>1</rotate>
		<centerX>9</centerX>
	</drawable>
	<drawable>
		<name>image8.png</name>
		<rotate>2</rotate>
		<centerX>6</centerX>
	</drawable>
	<drawable>
		<name>image9.png</name>
		<rotate>3</rotate>
		<centerX>6</centerX>
	</drawable>
<!--COMMENTED BY ClockSkinMaker
<metadata gui='rra' version='2.0.0.2'/>
-->
</clockskin>