<?xml version="1.0" encoding="utf-8"?>
<clockskin>
	<drawable>
		<name>background.png</name>
	</drawable>
	<drawable>
		<name>digital1.xml</name>
		<arraytype>4</arraytype>
		<centerX>99</centerX>
		<centerY>77</centerY>
	</drawable>
	<drawable>
		<name>image6-sh.png</name>
		<rotate>3</rotate>
		<centerX>-3</centerX>
		<centerY>-115</centerY>
		<mulrotate>60</mulrotate>
	</drawable>
	<drawable>
		<name>image3.png</name>
		<rotate>3</rotate>
		<centerY>-112</centerY>
		<mulrotate>60</mulrotate>
	</drawable>
	<drawable>
		<name>image4.png</name>
	</drawable>
	<drawable>
		<name>image5-sh.png</name>
		<rotate>4</rotate>
		<centerX>-3</centerX>
		<centerY>107</centerY>
	</drawable>
	<drawable>
		<name>image5.png</name>
		<rotate>4</rotate>
		<centerY>110</centerY>
		<mulrotate>1</mulrotate>
	</drawable>
	<drawable>
		<name>image6-sh_1.png</name>
		<rotate>3</rotate>
		<centerX>-3</centerX>
		<centerY>107</centerY>
	</drawable>
	<drawable>
		<name>image6.png</name>
		<rotate>3</rotate>
		<centerY>110</centerY>
	</drawable>
	<drawable>
		<name>image7.png</name>
	</drawable>
	<drawable>
		<name>image8-sh.png</name>
		<rotate>6</rotate>
		<centerX>-110</centerX>
		<centerY>-3</centerY>
		<mulrotate>2</mulrotate>
	</drawable>
	<drawable>
		<name>image8.png</name>
		<rotate>6</rotate>
		<centerX>-107</centerX>
		<mulrotate>2</mulrotate>
	</drawable>
	<drawable>
		<name>image9.png</name>
	</drawable>
	<drawable>
		<name>hour3-sh.png</name>
		<rotate>1</rotate>
		<centerX>-3</centerX>
		<centerY>-3</centerY>
	</drawable>
	<drawable>
		<name>hour3.png</name>
		<rotate>1</rotate>
	</drawable>
	<drawable>
		<name>image10-sh.png</name>
		<rotate>3</rotate>
		<centerX>-7</centerX>
		<centerY>-7</centerY>
	</drawable>
	<drawable>
		<name>minute3-sh.png</name>
		<rotate>2</rotate>
		<centerX>-5</centerX>
		<centerY>-5</centerY>
	</drawable>
	<drawable>
		<name>minute3.png</name>
		<rotate>2</rotate>
	</drawable>
	<drawable>
		<name>image10.png</name>
		<rotate>3</rotate>
		<mulrotate>1</mulrotate>
	</drawable>
	<drawable>
		<name>shadow3.png</name>
	</drawable>
<!--COMMENTED BY ClockSkinMaker
<metadata gui='rra' version='2.0.0.2'/>
-->
</clockskin>