<?xml version="1.0" encoding="utf-8"?>
<drawables>
     <image>animation_11_0.png</image>
     <image>animation_11_1.png</image>
     <image>animation_11_2.png</image>
     <image>animation_11_3.png</image>
     <image>animation_11_4.png</image>
     <image>animation_11_5.png</image>
     <image>animation_11_6.png</image>
     <image>animation_11_7.png</image>
     <image>animation_11_8.png</image>
     <image>animation_11_9.png</image>
     <image>animation_11_10.png</image>
     <image>animation_11_11.png</image>
     <image>animation_11_12.png</image>
     <image>animation_11_13.png</image>
     <image>animation_11_14.png</image>
     <image>animation_11_15.png</image>
     <image>animation_11_16.png</image>
     <image>animation_11_17.png</image>
     <image>animation_11_18.png</image>
     <image>animation_11_19.png</image>
     <image>animation_11_20.png</image>
     <image>animation_11_21.png</image>
     <image>animation_11_22.png</image>
     <image>animation_11_23.png</image>
     <image>animation_11_24.png</image>
     <image>animation_11_25.png</image>
     <image>animation_11_26.png</image>
     <image>animation_11_27.png</image>
     <image>animation_11_28.png</image>
     <image>animation_11_29.png</image>
     <image>animation_11_30.png</image>
     <image>animation_11_31.png</image>
     <image>animation_11_32.png</image>
     <image>animation_11_33.png</image>
     <image>animation_11_34.png</image>
     <image>animation_11_35.png</image>
     <image>animation_11_36.png</image>
     <image>animation_11_37.png</image>
     <image>animation_11_38.png</image>
     <image>animation_11_39.png</image>
     <image>animation_11_40.png</image>
     <image>animation_11_41.png</image>
     <image>animation_11_42.png</image>
     <image>animation_11_43.png</image>
     <image>animation_11_44.png</image>
     <image>animation_11_45.png</image>
     <image>animation_11_46.png</image>
     <image>animation_11_47.png</image>
     <image>animation_11_48.png</image>
     <image>animation_11_49.png</image>
     <image>animation_11_50.png</image>
     <image>animation_11_51.png</image>
     <image>animation_11_52.png</image>
     <image>animation_11_53.png</image>
     <image>animation_11_54.png</image>
     <image>animation_11_55.png</image>
     <image>animation_11_56.png</image>
     <image>animation_11_57.png</image>
     <image>animation_11_58.png</image>
     <image>animation_11_59.png</image>
</drawables>
