<?xml version="1.0" encoding="utf-8"?>
<drawables>
     <image>animation_10_0.png</image>
     <image>animation_10_1.png</image>
     <image>animation_10_2.png</image>
     <image>animation_10_3.png</image>
     <image>animation_10_4.png</image>
     <image>animation_10_5.png</image>
     <image>animation_10_6.png</image>
     <image>animation_10_7.png</image>
     <image>animation_10_8.png</image>
     <image>animation_10_9.png</image>
     <image>animation_10_10.png</image>
     <image>animation_10_11.png</image>
     <image>animation_10_12.png</image>
     <image>animation_10_13.png</image>
     <image>animation_10_14.png</image>
     <image>animation_10_15.png</image>
     <image>animation_10_16.png</image>
     <image>animation_10_17.png</image>
     <image>animation_10_18.png</image>
     <image>animation_10_19.png</image>
     <image>animation_10_20.png</image>
     <image>animation_10_21.png</image>
     <image>animation_10_22.png</image>
     <image>animation_10_23.png</image>
     <image>animation_10_24.png</image>
     <image>animation_10_25.png</image>
     <image>animation_10_26.png</image>
     <image>animation_10_27.png</image>
     <image>animation_10_28.png</image>
     <image>animation_10_29.png</image>
     <image>animation_10_30.png</image>
     <image>animation_10_31.png</image>
     <image>animation_10_32.png</image>
     <image>animation_10_33.png</image>
     <image>animation_10_34.png</image>
     <image>animation_10_35.png</image>
     <image>animation_10_36.png</image>
     <image>animation_10_37.png</image>
     <image>animation_10_38.png</image>
     <image>animation_10_39.png</image>
     <image>animation_10_40.png</image>
     <image>animation_10_41.png</image>
     <image>animation_10_42.png</image>
     <image>animation_10_43.png</image>
     <image>animation_10_44.png</image>
     <image>animation_10_45.png</image>
     <image>animation_10_46.png</image>
     <image>animation_10_47.png</image>
     <image>animation_10_48.png</image>
     <image>animation_10_49.png</image>
     <image>animation_10_50.png</image>
     <image>animation_10_51.png</image>
     <image>animation_10_52.png</image>
     <image>animation_10_53.png</image>
     <image>animation_10_54.png</image>
     <image>animation_10_55.png</image>
     <image>animation_10_56.png</image>
     <image>animation_10_57.png</image>
     <image>animation_10_58.png</image>
     <image>animation_10_59.png</image>
</drawables>
