<clockskin>
    <drawable>
        <name>image1.png</name>
    </drawable>
    <drawable>
        <name>digital1.xml</name>
        <arraytype>5</arraytype>
        <centerX>-28</centerX>
        <centerY>-96</centerY>
    </drawable>
    <drawable>
        <name>image2.png</name>
    </drawable>
    <drawable>
        <name>digital2.xml</name>
        <arraytype>3</arraytype>
        <centerX>28</centerX>
        <centerY>-96</centerY>
    </drawable>
    <drawable>
        <name>image3.png</name>
    </drawable>
    <drawable>
        <name>digital3.xml</name>
        <arraytype>19</arraytype>
        <centerX>0</centerX>
        <centerY>91</centerY>
    </drawable>
    <drawable>
        <name>image4.png</name>
    </drawable>
    <drawable>
        <rotate>1</rotate>
        <mulrotate>1</mulrotate>
        <centerX>0</centerX>
        <centerY>87</centerY>
        <name>image5.png</name>
    </drawable>
    <drawable>
        <name>animated_image_1.xml</name>
        <framerate>0.00111111111111</framerate>
        <centerX>0</centerX>
        <centerY>91</centerY>
        <rotate>1</rotate>
        <mulrotate>1</mulrotate>
    </drawable>
    <drawable>
        <rotate>2</rotate>
        <mulrotate>2</mulrotate>
        <movement>1</movement>
        <centerX>-2</centerX>
        <centerY>-101</centerY>
        <name>image6.png</name>
    </drawable>
    <drawable>
        <name>animated_image_2.xml</name>
        <framerate>0.03333333333333</framerate>
        <centerX>0</centerX>
        <centerY>-96</centerY>
        <rotate>2</rotate>
        <mulrotate>2</mulrotate>
        <movement>1</movement>
    </drawable>
    <drawable>
        <name>image7.png</name>
    </drawable>
    <drawable>
        <rotate>2</rotate>
        <mulrotate>1</mulrotate>
        <movement>3</movement>
        <centerX>-98</centerX>
        <centerY>-3</centerY>
        <name>image8.png</name>
    </drawable>
    <drawable>
        <name>animated_image_3.xml</name>
        <framerate>0.01666666666667</framerate>
        <centerX>-96</centerX>
        <centerY>0</centerY>
        <rotate>2</rotate>
        <mulrotate>1</mulrotate>
        <movement>3</movement>
    </drawable>
    <drawable>
        <rotate>3</rotate>
        <mulrotate>1</mulrotate>
        <movement>1</movement>
        <centerX>-96</centerX>
        <centerY>0</centerY>
        <name>image9.png</name>
    </drawable>
    <drawable>
        <rotate>3</rotate>
        <mulrotate>1</mulrotate>
        <movement>1</movement>
        <centerX>-96</centerX>
        <centerY>0</centerY>
        <name>image10.png</name>
    </drawable>
    <drawable>
        <rotate>7</rotate>
        <mulrotate>1</mulrotate>
        <centerX>-97</centerX>
        <centerY>-3</centerY>
        <name>image11.png</name>
    </drawable>
    <drawable>
        <name>animated_image_4.xml</name>
        <framerate>0.00111111111111</framerate>
        <centerX>-96</centerX>
        <centerY>0</centerY>
        <rotate>7</rotate>
        <mulrotate>1</mulrotate>
    </drawable>
    <drawable>
        <name>animated_image_5.xml</name>
        <framerate>0.00111111111111</framerate>
        <centerX>-96</centerX>
        <centerY>0</centerY>
        <rotate>7</rotate>
        <mulrotate>1</mulrotate>
    </drawable>
    <drawable>
        <name>image12.png</name>
    </drawable>
    <drawable>
        <rotate>20</rotate>
        <mulrotate>1</mulrotate>
        <centerX>-2</centerX>
        <centerY>-4</centerY>
        <name>image13.png</name>
    </drawable>
    <drawable>
        <rotate>20</rotate>
        <mulrotate>1</mulrotate>
        <name>image14.png</name>
    </drawable>
    <drawable>
        <rotate>20</rotate>
        <mulrotate>1</mulrotate>
        <centerX>-2</centerX>
        <centerY>-6</centerY>
        <name>image15.png</name>
    </drawable>
    <drawable>
        <name>animated_image_6.xml</name>
        <framerate>0.00001157407407</framerate>
        <rotate>20</rotate>
        <mulrotate>1</mulrotate>
    </drawable>
    <drawable>
        <name>animated_image_7.xml</name>
        <framerate>0.00001157407407</framerate>
        <rotate>20</rotate>
        <mulrotate>1</mulrotate>
    </drawable>
    <drawable>
        <rotate>1</rotate>
        <mulrotate>1</mulrotate>
        <name>image16.png</name>
    </drawable>
    <drawable>
        <name>image17.png</name>
    </drawable>
    <drawable>
        <rotate>1</rotate>
        <mulrotate>1</mulrotate>
        <centerX>-4</centerX>
        <centerY>-7</centerY>
        <name>image18.png</name>
    </drawable>
    <drawable>
        <name>animated_image_8.xml</name>
        <framerate>0.00138888888889</framerate>
        <rotate>1</rotate>
        <mulrotate>1</mulrotate>
    </drawable>
    <drawable>
        <rotate>2</rotate>
        <mulrotate>1</mulrotate>
        <centerX>-7</centerX>
        <centerY>-7</centerY>
        <name>image19.png</name>
    </drawable>
    <drawable>
        <name>animated_image_9.xml</name>
        <framerate>0.01666666666667</framerate>
        <rotate>2</rotate>
        <mulrotate>1</mulrotate>
    </drawable>
    <drawable>
        <rotate>3</rotate>
        <mulrotate>1</mulrotate>
        <movement>4</movement>
        <centerX>-4</centerX>
        <centerY>-4</centerY>
        <name>image20.png</name>
    </drawable>
    <drawable>
        <name>image21.png</name>
    </drawable>
    <drawable>
        <name>animated_image_10.xml</name>
        <framerate>1.00000000000000</framerate>
        <rotate>3</rotate>
        <mulrotate>1</mulrotate>
        <movement>4</movement>
    </drawable>
    <drawable>
        <name>animated_image_11.xml</name>
        <framerate>1.00000000000000</framerate>
        <rotate>3</rotate>
        <mulrotate>1</mulrotate>
        <movement>4</movement>
    </drawable>
    <drawable>
        <name>image22.png</name>
    </drawable>
</clockskin>
