<clockskin>
    <drawable>
        <name>image1.png</name>
    </drawable>
<drawable>
<arraytype>100</arraytype>
<centerX>-89</centerX>
<centerY>108</centerY>
<range>40</range>
<cls>com.artostolab.voicedialer.feature.splashscreen.SplashActivity</cls>
<pkg>com.artostolab.voicedialer</pkg>
</drawable>

<drawable>
<arraytype>100</arraytype>
<centerX>-89</centerX>
<centerY>-108</centerY>
<range>40</range>
<cls>de.stocard.ui.main.InitActivity</cls>
<pkg>de.stocard.stocard</pkg>
</drawable>

<drawable>
<arraytype>100</arraytype>
<centerX>89</centerX>
<centerY>108</centerY>
<range>40</range>
<cls>ak.alizandro.smartaudiobookplayer.PlayerActivity</cls>
<pkg>ak.alizandro.smartaudiobookplayer</pkg>
</drawable>

<drawable>
<arraytype>100</arraytype>
<centerX>89</centerX>
<centerY>-108</centerY>
<range>40</range>
<cls>com.wiite.mycalender.MainActivity</cls>
	<pkg>com.wiite.mycalender</pkg>
</drawable>

<drawable>
	<arraytype>100</arraytype>
	<centerX>180</centerX>
	<centerY>0</centerY>
	<range>40</range>
<cls>com.android.camera.CameraLauncher</cls>
<pkg>com.wiite.camera</pkg>	
	
</drawable>

    <drawable>
        <name>digital1.xml</name>
        <arraytype>13</arraytype>
        <centerX>106</centerX>
        <centerY>-25</centerY>
    </drawable>
    <drawable>
        <name>digital2.xml</name>
        <arraytype>54</arraytype>
        <centerX>-91</centerX>
        <centerY>-25</centerY>
    </drawable>
    <drawable>
        <name>image2.png</name>
    </drawable>
    <drawable>
        <rotate>13</rotate>
        <rotatemode>5</rotatemode>
        <startAngle>0</startAngle>
        <angle>37</angle>
        <direction>1</direction>
        <mulrotate>1</mulrotate>
        <centerX>0</centerX>
        <centerY>394</centerY>
        <name>image3.png</name>
    </drawable>
    <drawable>
        <rotate>13</rotate>
        <rotatemode>5</rotatemode>
        <startAngle>0</startAngle>
        <angle>37</angle>
        <direction>1</direction>
        <mulrotate>1</mulrotate>
        <centerX>0</centerX>
        <centerY>394</centerY>
        <name>image4.png</name>
    </drawable>
    <drawable>
        <name>image5.png</name>
    </drawable>
    <drawable>
        <name>digital3.xml</name>
        <arraytype>12</arraytype>
        <centerX>-43</centerX>
        <centerY>112</centerY>
    </drawable>
    <drawable>
        <name>image6.png</name>
    </drawable>
    <drawable>
        <name>digital4.xml</name>
        <arraytype>10</arraytype>
        <centerX>77</centerX>
        <centerY>111</centerY>
    </drawable>
    <drawable>
        <name>image7.png</name>
    </drawable>
    <drawable>
        <name>digital5.xml</name>
        <arraytype>11</arraytype>
        <centerX>3</centerX>
        <centerY>112</centerY>
    </drawable>
    <drawable>
        <name>digital6.xml</name>
        <arraytype>3</arraytype>
        <centerX>-34</centerX>
        <centerY>153</centerY>
    </drawable>
    <drawable>
        <name>digital7.xml</name>
        <arraytype>14</arraytype>
        <centerX>0</centerX>
        <centerY>84</centerY>
    </drawable>
    <drawable>
        <name>digital8.xml</name>
        <arraytype>14</arraytype>
        <centerX>400</centerX>
        <centerY>84</centerY>
    </drawable>
    <drawable>
        <name>digital9.xml</name>
        <arraytype>14</arraytype>
        <centerX>800</centerX>
        <centerY>84</centerY>
    </drawable>
    <drawable>
        <name>image8.png</name>
    </drawable>
    <drawable>
        <name>digital10.xml</name>
        <arraytype>4</arraytype>
        <centerX>34</centerX>
        <centerY>146</centerY>
    </drawable>
    <drawable>
        <rotate>1</rotate>
        <direction>1</direction>
        <mulrotate>1</mulrotate>
        <name>image9.png</name>
    </drawable>
    <drawable>
        <rotate>1</rotate>
        <direction>1</direction>
        <mulrotate>1</mulrotate>
        <name>image10.png</name>
    </drawable>
    <drawable>
        <rotate>2</rotate>
        <direction>1</direction>
        <mulrotate>1</mulrotate>
        <name>image11.png</name>
    </drawable>
    <drawable>
        <rotate>2</rotate>
        <direction>1</direction>
        <mulrotate>1</mulrotate>
        <name>image12.png</name>
    </drawable>
    <drawable>
        <name>image13.png</name>
    </drawable>
    <drawable>
        <rotate>3</rotate>
        <direction>1</direction>
        <mulrotate>1</mulrotate>
        <name>image14.png</name>
    </drawable>
</clockskin>
<!-- Created on WatchFace Designer 0.14.2 beta -->
<!-- Exported for Android 7.1+ Stock ClockSkin Engine -->
