<clockskin>
    <drawable>
        <name>image1.png</name>
    </drawable>
    <drawable>
        <name>image2.png</name>
        <rotate>3</rotate>
        <direction>2</direction>
        <mulrotate>5</mulrotate>
        <centerX>-104</centerX>
        <centerY>-100</centerY>
    </drawable>
    <drawable>
        <name>image3.png</name>
        <rotate>3</rotate>
        <mulrotate>10</mulrotate>
        <centerX>-135</centerX>
        <centerY>-42</centerY>
    </drawable>
    <drawable>
        <name>image4.png</name>
        <rotate>3</rotate>
        <mulrotate>5</mulrotate>
        <centerX>-76</centerX>
        <centerY>-137</centerY>
    </drawable>
    <drawable>
        <name>image5.png</name>
    </drawable>
    <drawable>
        <name>image6.png</name>
        <rotate>3</rotate>
        <direction>2</direction>
        <mulrotate>10</mulrotate>
        <centerX>-110</centerX>
        <centerY>-80</centerY>
    </drawable>
    <drawable>
        <name>image7.png</name>
    </drawable>
    <drawable>
        <name>image8.png</name>
        <rotate>3</rotate>
        <mulrotate>10</mulrotate>
        <centerX>-129</centerX>
        <centerY>104</centerY>
    </drawable>
    <drawable>
        <name>image9.png</name>
        <rotate>3</rotate>
        <mulrotate>15</mulrotate>
        <centerX>-160</centerX>
        <centerY>68</centerY>
    </drawable>
    <drawable>
        <name>image10.png</name>
        <rotate>3</rotate>
        <mulrotate>15</mulrotate>
        <centerX>-124</centerX>
        <centerY>42</centerY>
    </drawable>
    <drawable>
        <name>image11.png</name>
    </drawable>
    <drawable>
        <name>image12.png</name>
        <rotate>3</rotate>
        <direction>2</direction>
        <mulrotate>10</mulrotate>
        <centerX>-64</centerX>
        <centerY>88</centerY>
    </drawable>
    <drawable>
        <name>image13.png</name>
        <rotate>3</rotate>
        <direction>2</direction>
        <mulrotate>10</mulrotate>
        <centerX>-96</centerX>
        <centerY>142</centerY>
    </drawable>
    <drawable>
        <name>image14.png</name>
    </drawable>
    <drawable>
        <name>image15.png</name>
        <rotate>3</rotate>
        <mulrotate>10</mulrotate>
        <centerX>74</centerX>
        <centerY>-147</centerY>
    </drawable>
    <drawable>
        <name>image16.png</name>
        <rotate>3</rotate>
        <direction>2</direction>
        <mulrotate>5</mulrotate>
        <centerX>150</centerX>
        <centerY>-102</centerY>
    </drawable>
    <drawable>
        <name>image17.png</name>
        <rotate>3</rotate>
        <direction>2</direction>
        <mulrotate>5</mulrotate>
        <centerX>112</centerX>
        <centerY>-81</centerY>
    </drawable>
    <drawable>
        <name>image18.png</name>
        <rotate>3</rotate>
        <mulrotate>15</mulrotate>
        <centerX>141</centerX>
        <centerY>-43</centerY>
    </drawable>
    <drawable>
        <name>image19.png</name>
        <rotate>3</rotate>
        <direction>2</direction>
        <mulrotate>5</mulrotate>
        <centerX>66</centerX>
        <centerY>-46</centerY>
    </drawable>
    <drawable>
        <name>image20.png</name>
        <rotate>3</rotate>
        <direction>2</direction>
        <mulrotate>5</mulrotate>
        <centerX>150</centerX>
        <centerY>49</centerY>
    </drawable>
    <drawable>
        <name>image21.png</name>
        <rotate>3</rotate>
        <direction>2</direction>
        <mulrotate>5</mulrotate>
        <centerX>109</centerX>
        <centerY>109</centerY>
    </drawable>
    <drawable>
        <name>image22.png</name>
        <rotate>3</rotate>
        <direction>2</direction>
        <mulrotate>5</mulrotate>
        <centerX>82</centerX>
        <centerY>142</centerY>
    </drawable>
    <drawable>
        <name>image23.png</name>
        <rotate>3</rotate>
        <direction>2</direction>
        <mulrotate>10</mulrotate>
        <centerX>53</centerX>
        <centerY>41</centerY>
    </drawable>
    <drawable>
        <name>image24.png</name>
        <rotate>3</rotate>
        <direction>2</direction>
        <mulrotate>10</mulrotate>
        <centerX>59</centerX>
        <centerY>112</centerY>
    </drawable>
    <drawable>
        <name>image25.png</name>
    </drawable>
    <drawable>
        <name>image26.png</name>
        <rotate>3</rotate>
        <mulrotate>20</mulrotate>
        <centerX>122</centerX>
        <centerY>74</centerY>
    </drawable>
    <drawable>
        <name>image27.png</name>
    </drawable>
    <drawable>
        <name>image28.png</name>
        <rotate>6</rotate>
        <mulrotate>2</mulrotate>
        <centerX>0</centerX>
        <centerY>-75</centerY>
    </drawable>
    <drawable>
        <name>image29.png</name>
    </drawable>
    <drawable>
        <name>image30.png</name>
        <rotate>7</rotate>
        <mulrotate>1</mulrotate>
        <centerX>-67</centerX>
        <centerY>0</centerY>
    </drawable>
    <drawable>
        <name>image31.png</name>
    </drawable>
    <drawable>
        <name>digital1.xml</name>
        <arraytype>4</arraytype>
        <centerX>193</centerX>
        <centerY>75</centerY>
    </drawable>
    <drawable>
        <name>digital2.xml</name>
        <arraytype>4</arraytype>
        <centerX>-191</centerX>
        <centerY>75</centerY>
    </drawable>
    <drawable>
        <name>image32.png</name>
        <rotate>5</rotate>
        <mulrotate>1</mulrotate>
        <centerX>0</centerX>
        <centerY>76</centerY>
    </drawable>
    <drawable>
        <name>image33.png</name>
    </drawable>
    <drawable>
        <name>image34.png</name>
        <rotate>2</rotate>
        <mulrotate>1</mulrotate>
    </drawable>
    <drawable>
        <name>image35.png</name>
        <rotate>1</rotate>
        <mulrotate>1</mulrotate>
        <centerX>1</centerX>
        <centerY>0</centerY>
    </drawable>
    <drawable>
        <name>image36.png</name>
        <rotate>3</rotate>
        <mulrotate>1</mulrotate>
    </drawable>
    <drawable>
        <name>image37.png</name>
    </drawable>
</clockskin>
