<?xml version="1.0" encoding="utf-8"?>
<clockskin>
	<drawable>
		<name>image1.png</name>
	</drawable>
	<drawable>
		<name>image2.png</name>
		<rotate>1</rotate>
		<mulrotate>1</mulrotate>
	</drawable>
	<drawable>
		<name>image3.png</name>
	</drawable>
	<drawable>
		<name>image4.png</name>
		<rotate>1</rotate>
		<mulrotate>-6</mulrotate>
	</drawable>
	<drawable>
		<name>image5.png</name>
	</drawable>
	<drawable>
		<name>image6.png</name>
		<rotate>3</rotate>
		<centerY>-13</centerY>
		<mulrotate>6</mulrotate>
	</drawable>
	<drawable>
		<name>image7.png</name>
		<rotate>3</rotate>
		<centerX>7</centerX>
		<centerY>7</centerY>
		<mulrotate>8</mulrotate>
	</drawable>
	<drawable>
		<name>image8.png</name>
		<rotate>3</rotate>
		<mulrotate>-1</mulrotate>
	</drawable>
	<drawable>
		<name>image9.png</name>
		<rotate>3</rotate>
		<mulrotate>3</mulrotate>
	</drawable>
	<drawable>
		<name>image10.png</name>
	</drawable>
	<drawable>
		<name>image11.png</name>
		<rotate>7</rotate>
		<centerX>88</centerX>
		<centerY>22</centerY>
		<mulrotate>1</mulrotate>
	</drawable>
	<drawable>
		<name>image12.png</name>
	</drawable>
	<drawable>
		<name>image13.png</name>
		<rotate>5</rotate>
		<centerY>91</centerY>
		<mulrotate>1</mulrotate>
	</drawable>
	<drawable>
		<name>image14.png</name>
		<rotate>4</rotate>
		<centerX>-87</centerX>
		<centerY>21</centerY>
		<mulrotate>1</mulrotate>
	</drawable>
	<drawable>
		<name>image15.png</name>
	</drawable>
	<drawable>
		<name>digital1_1.xml</name>
		<arraytype>4</arraytype>
		<centerX>-90</centerX>
		<centerY>112</centerY>
	</drawable>
	<drawable>
		<name>digital1.xml</name>
		<arraytype>4</arraytype>
		<centerX>302</centerX>
		<centerY>102</centerY>
	</drawable>
	<drawable>
		<name>image16.png</name>
	</drawable>
	<drawable>
		<name>image17.png</name>
		<rotate>1</rotate>
		<mulrotate>1</mulrotate>
	</drawable>
	<drawable>
		<name>image18.png</name>
		<rotate>2</rotate>
		<mulrotate>1</mulrotate>
	</drawable>
	<drawable>
		<name>image19.png</name>
		<rotate>3</rotate>
		<mulrotate>1</mulrotate>
	</drawable>
	<drawable>
		<name>image20.png</name>
	</drawable>
<!--COMMENTED BY ClockSkinMaker
<metadata gui='rra' version='1.4.0.0'/>
-->
</clockskin>