<clockskin>
    <drawable>
        <name>image1.png</name>
    </drawable>
    <drawable>
        <rotate>13</rotate>
        <rotatemode>2</rotatemode>
        <startAngle>0</startAngle>
        <angle>120</angle>
        <direction>1</direction>
        <mulrotate>1</mulrotate>
        <centerX>-95</centerX>
        <centerY>0</centerY>
        <name>image2.png</name>
    </drawable>
    <drawable>
        <rotate>13</rotate>
        <rotatemode>1</rotatemode>
        <startAngle>0</startAngle>
        <angle>120</angle>
        <direction>1</direction>
        <mulrotate>1</mulrotate>
        <centerX>-95</centerX>
        <centerY>0</centerY>
        <name>image3.png</name>
    </drawable>
</clockskin>
<!-- Created on WatchFace Designer 0.14.2 beta -->
<!-- Exported for Android 7.1+ Stock ClockSkin Engine -->
