<?xml version="1.0" encoding="utf-8"?>
<clockskin>
	<drawable>
		<name>image1.png</name>
	</drawable>
	<drawable>
		<name>digital1.xml</name>
		<arraytype>11</arraytype>
		<centerX>50</centerX>
		<centerY>-98</centerY>
	</drawable>
	<drawable>
		<name>digital2.xml</name>
		<arraytype>6</arraytype>
	</drawable>
	<drawable>
		<name>digital3.xml</name>
		<arraytype>4</arraytype>
		<centerY>98</centerY>
	</drawable>
	<drawable>
		<name>digital4.xml</name>
		<arraytype>3</arraytype>
		<centerX>73</centerX>
		<centerY>98</centerY>
	</drawable>
	<drawable>
		<name>digital5.xml</name>
		<arraytype>5</arraytype>
		<centerX>-73</centerX>
		<centerY>98</centerY>
	</drawable>
	<drawable>
		<name>digital6.xml</name>
		<arraytype>10</arraytype>
	</drawable>
	<drawable>
		<name>Guide.png</name>
	</drawable>
	<drawable>
		<name>digital8.xml</name>
		<arraytype>9</arraytype>
		<centerX>200</centerX>
	</drawable>
<!--COMMENTED BY ClockSkinMaker
<metadata gui='rra' version='2.0.0.2'/>
-->
</clockskin>