<?xml version="1.0" encoding="utf-8"?>
<drawables>
	<image>digital8_0.png</image>
	<image>digital8_1.png</image>
	<image>digital8_2.png</image>
	<image>digital8_3.png</image>
	<image>digital8_4.png</image>
	<image>digital8_5.png</image>
	<image>digital8_6.png</image>
	<image>digital8_7.png</image>
	<image>digital8_8.png</image>
	<image>digital8_9.png</image>
	<image>digital8_10.png</image>
	<image>digital8_11.png</image>
	<image>digital8_12.png</image>
	<image>digital8_13.png</image>
	<image>digital8_14.png</image>
	<image>digital8_15.png</image>
	<image>digital8_16.png</image>
	<image>digital8_17.png</image>
	<image>digital8_18.png</image>
	<image>digital8_19.png</image>
	<image>digital8_20.png</image>
	<image>digital8_21.png</image>
	<image>digital8_22.png</image>
	<image>digital8_23.png</image>
	<image>digital8_24.png</image>
	<image>digital8_25.png</image>
	<image>digital8_26.png</image>
	<image>digital8_27.png</image>
	<image>digital8_28.png</image>
	<image>digital8_29.png</image>
	<image>digital8_30.png</image>
	<image>digital8_31.png</image>
	<image>digital8_32.png</image>
	<image>digital8_33.png</image>
	<image>digital8_34.png</image>
	<image>digital8_35.png</image>
	<image>digital8_36.png</image>
	<image>digital8_37.png</image>
	<image>digital8_38.png</image>
	<image>digital8_39.png</image>
	<image>digital8_40.png</image>
	<image>digital8_41.png</image>
	<image>digital8_42.png</image>
	<image>digital8_43.png</image>
	<image>digital8_44.png</image>
	<image>digital8_45.png</image>
	<image>digital8_46.png</image>
	<image>digital8_47.png</image>
	<image>digital8_48.png</image>
	<image>digital8_49.png</image>
	<image>digital8_50.png</image>
	<image>digital8_51.png</image>
	<image>digital8_52.png</image>
	<image>digital8_53.png</image>
	<image>digital8_54.png</image>
	<image>digital8_55.png</image>
	<image>digital8_56.png</image>
	<image>digital8_57.png</image>
	<image>digital8_58.png</image>
	<image>digital8_59.png</image>
</drawables>