<?xml version="1.0" encoding="utf-8"?>
<clockskin>
	<drawable>
		<name>grund.png</name>
	</drawable>
	<drawable>
		<name>date_1.xml</name>
		<arraytype>4</arraytype>
		<centerX>-196</centerX>
		<centerY>3</centerY>
	</drawable>
	<drawable>
		<name>date.xml</name>
		<arraytype>4</arraytype>
		<centerX>194</centerX>
		<centerY>-2</centerY>
	</drawable>
	<drawable>
		<name>stunde_s.png</name>
		<rotate>1</rotate>
		<centerX>3</centerX>
		<centerY>3</centerY>
	</drawable>
	<drawable>
		<name>stunde.png</name>
		<rotate>1</rotate>
	</drawable>
	<drawable>
		<name>minute_s.png</name>
		<rotate>2</rotate>
		<centerX>3</centerX>
		<centerY>3</centerY>
	</drawable>
	<drawable>
		<name>minute.png</name>
		<rotate>2</rotate>
	</drawable>
	<drawable>
		<name>sec_s.png</name>
		<rotate>3</rotate>
		<centerX>3</centerX>
		<centerY>9</centerY>
	</drawable>
	<drawable>
		<name>sec.png</name>
		<rotate>3</rotate>
	</drawable>
<!--COMMENTED BY ClockSkinMaker
<metadata gui='rra' version='1.4.0.0'/>
-->
</clockskin>