<clockskin>
    <drawable>
        <name>image1.png</name>
    </drawable>
    <drawable>
        <name>digital1.xml</name>
        <arraytype>6</arraytype>
        <centerX>0</centerX>
        <centerY>-44</centerY>
    </drawable>
    <drawable>
        <name>digital2.xml</name>
        <arraytype>4</arraytype>
        <centerX>-130</centerX>
        <centerY>43</centerY>
    </drawable>
    <drawable>
        <name>digital3.xml</name>
        <arraytype>3</arraytype>
        <centerX>-10</centerX>
        <centerY>44</centerY>
    </drawable>
    <drawable>
        <name>digital4.xml</name>
        <arraytype>9</arraytype>
        <centerX>153</centerX>
        <centerY>42</centerY>
    </drawable>
    <drawable>
        <name>digital5.xml</name>
        <arraytype>13</arraytype>
        <centerX>-126</centerX>
        <centerY>110</centerY>
    </drawable>
    <drawable>
        <name>image2.png</name>
    </drawable>
    <drawable>
        <name>digital6.xml</name>
        <arraytype>60</arraytype>
        <centerX>-6</centerX>
        <centerY>158</centerY>
    </drawable>
    <drawable>
        <name>digital7.xml</name>
        <arraytype>54</arraytype>
        <centerX>-6</centerX>
        <centerY>111</centerY>
    </drawable>
    <drawable>
        <name>image3.png</name>
    </drawable>
    <drawable>
        <name>digital8.xml</name>
        <arraytype>14</arraytype>
        <centerX>37</centerX>
        <centerY>-112</centerY>
    </drawable>
    <drawable>
        <name>digital9.xml</name>
        <arraytype>14</arraytype>
        <centerX>437</centerX>
        <centerY>-112</centerY>
    </drawable>
    <drawable>
        <name>digital10.xml</name>
        <arraytype>14</arraytype>
        <centerX>837</centerX>
        <centerY>-112</centerY>
    </drawable>
    <drawable>
        <name>image4.png</name>
    </drawable>
    <drawable>
        <arraytype>100</arraytype>
        <centerX>-1</centerX>
        <centerY>-45</centerY>
        <range>40</range>
        <cls>com.android.settings.Settings</cls>
        <pkg>com.android.settings</pkg>
    </drawable>
    <drawable>
        <arraytype>100</arraytype>
        <centerX>-83</centerX>
        <centerY>43</centerY>
        <range>38</range>
        <cls>com.android.calendar.AllInOneActivity</cls>
        <pkg>com.android.calendar</pkg>
    </drawable>
    <drawable>
        <arraytype>100</arraytype>
        <centerX>25</centerX>
        <centerY>136</centerY>
        <range>40</range>
        <cls>com.sprots.wiiteer.fitness.module.main.ui.MainActivity</cls>
        <pkg>com.sprots.wiiteer.fitness</pkg>
    </drawable>
    <drawable>
        <arraytype>100</arraytype>
        <centerX>-119</centerX>
        <centerY>119</centerY>
        <range>25</range>
        <cls>com.cenon.heartrate.HeartRateMonitorActivity</cls>
        <pkg>com.cenon.heartrate</pkg>
    </drawable>
</clockskin>
<!-- Created on WatchFace Designer 0.14.2 beta -->
<!-- Exported for Android 7.1+ Stock ClockSkin Engine -->
