<?xml version="1.0" encoding="utf-8"?>
<clockskin>
	<drawable>
		<name>circle_1.png</name>
	</drawable>
	<drawable>
		<name>sec.png</name>
		<rotate>3</rotate>
	</drawable>
	<drawable>
		<name>circle_2.png</name>
	</drawable>
	<drawable>
		<name>circle_w.png</name>
		<centerY>112</centerY>
	</drawable>
	<drawable>
		<name>circle_d_1.png</name>
		<centerX>100</centerX>
		<centerY>45</centerY>
	</drawable>
	<drawable>
		<name>weather_array.xml</name>
		<arraytype>10</arraytype>
		<centerY>90</centerY>
	</drawable>
	<drawable>
		<name>temp.xml</name>
		<arraytype>11</arraytype>
		<centerY>143</centerY>
	</drawable>
	<drawable>
		<name>day.xml</name>
		<arraytype>4</arraytype>
		<centerX>100</centerX>
		<centerY>23</centerY>
	</drawable>
	<drawable>
		<name>MONTH.xml</name>
		<arraytype>3</arraytype>
		<centerX>100</centerX>
		<centerY>68</centerY>
	</drawable>
	<drawable>
		<name>hour_min.xml</name>
		<arraytype>6</arraytype>
		<centerY>-76</centerY>
	</drawable>
	<drawable>
		<arraytype>99</arraytype>
		<centerX>-26</centerX>
		<centerY>-16</centerY>
	</drawable>
	<drawable>
		<name>crta_1.png</name>
		<centerY>122</centerY>
	</drawable>
	<drawable>
		<name>crta_2.png</name>
		<centerX>100</centerX>
		<centerY>45</centerY>
	</drawable>
	<drawable>
		<name>circle_d.png</name>
		<centerX>-100</centerX>
		<centerY>45</centerY>
	</drawable>
	<drawable>
		<name>crta.png</name>
		<centerX>-100</centerX>
		<centerY>45</centerY>
	</drawable>
	<drawable>
		<name>steps.png</name>
		<centerX>-100</centerX>
		<centerY>21</centerY>
	</drawable>
	<drawable>
		<name>array_steps.xml</name>
		<arraytype>12</arraytype>
		<centerX>-100</centerX>
		<centerY>68</centerY>
	</drawable>
	<drawable>
		<name>smartw.png</name>
		<centerY>21</centerY>
	</drawable>
	<drawable>
		<name>image8.png</name>
		<rotate>6</rotate>
		<startAngle>-360</startAngle>
		<mulrotate>2</mulrotate>
	</drawable>
<!--COMMENTED BY ClockSkinMaker
<metadata gui='rra' version='1.6.0.0'/>
-->
</clockskin>