<?xml version="1.0" encoding="utf-8"?>
<clockskin>
	<drawable>
		<name>image1.png</name>
	</drawable>
	<drawable>
		<name>image2.png</name>
		<rotate>3</rotate>
		<centerX>36</centerX>
		<centerY>42</centerY>
		<direction>1</direction>
	</drawable>
	<drawable>
		<name>digital1.xml</name>
		<arraytype>10</arraytype>
		<centerX>37</centerX>
		<centerY>-110</centerY>
	</drawable>
	<drawable>
		<name>image4.png</name>
		<rotate>3</rotate>
		<centerX>-9</centerX>
		<centerY>-88</centerY>
		<direction>1</direction>
		<mulrotate>-1</mulrotate>
	</drawable>
	<drawable>
		<name>image3.png</name>
		<rotate>3</rotate>
		<centerX>101</centerX>
		<centerY>-13</centerY>
		<direction>1</direction>
		<mulrotate>2</mulrotate>
	</drawable>
	<drawable>
		<name>image5.png</name>
	</drawable>
	<drawable>
		<name>digital2.xml</name>
		<arraytype>19</arraytype>
		<centerX>41</centerX>
		<centerY>36</centerY>
	</drawable>
	<drawable>
		<name>image6.png</name>
		<rotate>1</rotate>
		<centerX>40</centerX>
		<centerY>39</centerY>
		<mulrotate>1</mulrotate>
	</drawable>
	<drawable>
		<name>image7.png</name>
	</drawable>
	<drawable>
		<name>digital3.xml</name>
		<arraytype>11</arraytype>
		<centerX>-136</centerX>
		<centerY>-47</centerY>
	</drawable>
	<drawable>
		<name>image8.png</name>
	</drawable>
	<drawable>
		<name>digital4.xml</name>
		<arraytype>6</arraytype>
		<centerX>-116</centerX>
		<centerY>42</centerY>
	</drawable>
	<drawable>
		<name>digital5.xml</name>
		<arraytype>14</arraytype>
		<centerX>-111</centerX>
		<centerY>108</centerY>
	</drawable>
	<drawable>
		<name>digital6.xml</name>
		<arraytype>12</arraytype>
		<centerX>-78</centerX>
		<centerY>132</centerY>
	</drawable>
	<drawable>
		<name>image9.png</name>
	</drawable>
<!--COMMENTED BY ClockSkinMaker
<metadata gui='rra' version='1.4.0.0'/>
-->
</clockskin>