<clockskin>
    <drawable>
        <name>image1.png</name>
    </drawable>
    <drawable>
        <name>digital1.xml</name>
        <arraytype>5</arraytype>
        <centerX>0</centerX>
        <centerY>-159</centerY>
    </drawable>
    <drawable>
        <name>animated_image_1.xml</name>
        <framerate>0.00027777777778</framerate>
        <centerX>80</centerX>
        <centerY>-40</centerY>
    </drawable>
    <drawable>
        <name>animated_image_2.xml</name>
        <framerate>0.01666666666667</framerate>
        <centerX>100</centerX>
        <centerY>20</centerY>
    </drawable>
    <drawable>
        <name>digital2.xml</name>
        <arraytype>14</arraytype>
        <centerX>-170</centerX>
        <centerY>0</centerY>
    </drawable>
    <drawable>
        <name>digital3.xml</name>
        <arraytype>3</arraytype>
        <centerX>-85</centerX>
        <centerY>150</centerY>
    </drawable>
    <drawable>
        <name>digital4.xml</name>
        <arraytype>4</arraytype>
        <centerX>-13</centerX>
        <centerY>150</centerY>
    </drawable>
    <drawable>
        <name>digital5.xml</name>
        <arraytype>16</arraytype>
        <centerX>46</centerX>
        <centerY>150</centerY>
    </drawable>
    <drawable>
        <name repeat="1000">animated_image_3.xml</name>
        <framerate>15.00000000000000</framerate>
        <rotate>3</rotate>
        <mulrotate>1</mulrotate>
        <movement>4</movement>
    </drawable>
</clockskin>
