<clockskin>
    <drawable>
        <name>image1.png</name>
    </drawable>
    <drawable>
        <rotate>13</rotate>
        <rotatemode>6</rotatemode>
        <startAngle>0</startAngle>
        <angle>180</angle>
        <direction>1</direction>
        <mulrotate>1</mulrotate>
        <centerX>-126</centerX>
        <centerY>29</centerY>
        <name>image2.png</name>
    </drawable>
    <drawable>
        <name>digital1.xml</name>
        <arraytype>6</arraytype>
        <centerX>0</centerX>
        <centerY>40</centerY>
    </drawable>
    <drawable>
        <name>image3.png</name>
    </drawable>
    <drawable>
        <name>digital2.xml</name>
        <arraytype>10</arraytype>
        <centerX>32</centerX>
        <centerY>-43</centerY>
    </drawable>
    <drawable>
        <name>image4.png</name>
    </drawable>
    <drawable>
        <name>digital3.xml</name>
        <arraytype>14</arraytype>
        <centerX>-117</centerX>
        <centerY>57</centerY>
    </drawable>
    <drawable>
        <name>image5.png</name>
    </drawable>
    <drawable>
        <name>digital4.xml</name>
        <arraytype>11</arraytype>
        <centerX>112</centerX>
        <centerY>-44</centerY>
    </drawable>
    <drawable>
        <name>image6.png</name>
    </drawable>
    <drawable>
        <name>digital5.xml</name>
        <arraytype>13</arraytype>
        <centerX>80</centerX>
        <centerY>-154</centerY>
    </drawable>
    <drawable>
        <name>digital6.xml</name>
        <arraytype>54</arraytype>
        <centerX>105</centerX>
        <centerY>-100</centerY>
    </drawable>
    <drawable>
        <name>image7.png</name>
    </drawable>
    <drawable>
        <name>digital7.xml</name>
        <arraytype>5</arraytype>
        <centerX>63</centerX>
        <centerY>122</centerY>
    </drawable>
    <drawable>
        <name>digital8.xml</name>
        <arraytype>5</arraytype>
        <centerX>-124</centerX>
        <centerY>122</centerY>
    </drawable>
    <drawable>
        <name>digital9.xml</name>
        <arraytype>5</arraytype>
        <centerX>-94</centerX>
        <centerY>122</centerY>
    </drawable>
    <drawable>
        <name>digital10.xml</name>
        <arraytype>5</arraytype>
        <centerX>-62</centerX>
        <centerY>123</centerY>
    </drawable>
    <drawable>
        <name>digital11.xml</name>
        <arraytype>5</arraytype>
        <centerX>-30</centerX>
        <centerY>123</centerY>
    </drawable>
    <drawable>
        <name>digital12.xml</name>
        <arraytype>5</arraytype>
        <centerX>1</centerX>
        <centerY>122</centerY>
    </drawable>
    <drawable>
        <name>digital13.xml</name>
        <arraytype>5</arraytype>
        <centerX>33</centerX>
        <centerY>123</centerY>
    </drawable>
    <drawable>
        <name>digital14.xml</name>
        <arraytype>4</arraytype>
        <centerX>108</centerX>
        <centerY>121</centerY>
    </drawable>
    <drawable>
        <name>image8.png</name>
    </drawable>
    <drawable>
        <rotate>1</rotate>
        <direction>1</direction>
        <mulrotate>1</mulrotate>
        <centerX>-76</centerX>
        <centerY>-83</centerY>
        <name>image9.png</name>
    </drawable>
    <drawable>
        <rotate>3</rotate>
        <direction>1</direction>
        <mulrotate>1</mulrotate>
        <centerX>-76</centerX>
        <centerY>-83</centerY>
        <name>image10.png</name>
    </drawable>
    <drawable>
        <rotate>2</rotate>
        <direction>1</direction>
        <mulrotate>1</mulrotate>
        <centerX>-76</centerX>
        <centerY>-82</centerY>
        <name>image11.png</name>
    </drawable>
    <drawable>
        <rotate>13</rotate>
        <rotatemode>8</rotatemode>
        <startAngle>0</startAngle>
        <angle>360</angle>
        <direction>1</direction>
        <mulrotate>1</mulrotate>
        <centerX>132</centerX>
        <centerY>26</centerY>
        <name>image12.png</name>
    </drawable>
    <drawable>
        <name>digital15.xml</name>
        <arraytype>16</arraytype>
        <centerX>21</centerX>
        <centerY>163</centerY>
    </drawable>
    <drawable>
        <name>digital16.xml</name>
        <arraytype>3</arraytype>
        <centerX>-30</centerX>
        <centerY>164</centerY>
    </drawable>
    <drawable>
        <name>image13.png</name>
    </drawable>
    <drawable>
        <arraytype>100</arraytype>
        <centerX>13</centerX>
        <centerY>-155</centerY>
        <range>29</range>
        <cls>com.wiite.wiite_heartrate.MainActivity</cls>
        <pkg>com.wiite.wiite_heartrate</pkg>
    </drawable>
    <drawable>
        <arraytype>100</arraytype>
        <centerX>33</centerX>
        <centerY>-43</centerY>
        <range>30</range>
        <cls>com.android.watchweather.WeatherActivity</cls>
        <pkg>com.android.watchweather</pkg>
    </drawable>
    <drawable>
        <arraytype>100</arraytype>
        <centerX>132</centerX>
        <centerY>25</centerY>
        <range>40</range>
        <cls>com.sprots.wiiteer.fitness.module.main.ui.MainActivity</cls>
        <pkg>com.sprots.wiiteer.fitness</pkg>
    </drawable>
</clockskin>
<!-- Created on WatchFace Designer 0.14.2 beta -->
<!-- Exported for Android 7.1+ Stock ClockSkin Engine -->
