<?xml version="1.0" encoding="utf-8"?>
<drawables>
     <image>digital16_0.png</image>
     <image>digital16_1.png</image>
     <image>digital16_2.png</image>
     <image>digital16_3.png</image>
     <image>digital16_4.png</image>
     <image>digital16_5.png</image>
     <image>digital16_6.png</image>
     <image>digital16_7.png</image>
     <image>digital16_8.png</image>
     <image>digital16_9.png</image>
     <image>digital16_10.png</image>
     <image>digital16_11.png</image>
</drawables>
