<clockskin>
    <drawable>
        <name>image1.png</name>
    </drawable>
    <drawable>
        <name>image2.png</name>
        <rotate>3</rotate>
        <direction>2</direction>
        <mulrotate>1</mulrotate>
    </drawable>
    <drawable>
        <name>image3.png</name>
        <rotate>3</rotate>
        <mulrotate>1</mulrotate>
    </drawable>
    <drawable>
        <name>image4.png</name>
        <rotate>3</rotate>
        <mulrotate>1</mulrotate>
    </drawable>
    <drawable>
        <name>image5.png</name>
    </drawable>
    <drawable>
        <name>digital1.xml</name>
        <arraytype>4</arraytype>
        <centerX>0</centerX>
        <centerY>-61</centerY>
    </drawable>
    <drawable>
        <name>digital2.xml</name>
        <arraytype>14</arraytype>
        <centerX>1</centerX>
        <centerY>58</centerY>
    </drawable>
    <drawable>
        <name>image6.png</name>
    </drawable>
    <drawable>
        <name>image7.png</name>
        <rotate>3</rotate>
        <direction>2</direction>
        <mulrotate>12</mulrotate>
        <centerX>-58</centerX>
        <centerY>-1</centerY>
    </drawable>
    <drawable>
        <name>image8.png</name>
        <rotate>1</rotate>
        <mulrotate>1</mulrotate>
        <centerX>-58</centerX>
        <centerY>0</centerY>
    </drawable>
    <drawable>
        <name>image9.png</name>
    </drawable>
    <drawable>
        <name>image10.png</name>
        <rotate>3</rotate>
        <mulrotate>5</mulrotate>
        <centerX>56</centerX>
        <centerY>-1</centerY>
    </drawable>
    <drawable>
        <name>image11.png</name>
        <rotate>3</rotate>
        <direction>2</direction>
        <mulrotate>5</mulrotate>
        <centerX>56</centerX>
        <centerY>-1</centerY>
    </drawable>
    <drawable>
        <name>image12.png</name>
        <rotate>2</rotate>
        <mulrotate>1</mulrotate>
        <centerX>58</centerX>
        <centerY>0</centerY>
    </drawable>
    <drawable>
        <name>image13.png</name>
        <rotate>10</rotate>
        <mulrotate>1</mulrotate>
        <centerX>0</centerX>
        <centerY>5</centerY>
    </drawable>
    <drawable>
        <name>image14.png</name>
        <rotate>10</rotate>
        <mulrotate>1</mulrotate>
        <centerX>0</centerX>
        <centerY>5</centerY>
    </drawable>
    <drawable>
        <name>image15.png</name>
        <rotate>3</rotate>
        <direction>2</direction>
        <mulrotate>1</mulrotate>
    </drawable>
    <drawable>
        <name>image16.png</name>
        <rotate>3</rotate>
        <mulrotate>1</mulrotate>
        <centerX>0</centerX>
        <centerY>-1</centerY>
    </drawable>
</clockskin>
