<?xml version="1.0" encoding="utf-8"?>
<clockskin>
<drawable>
		<name>kv.png</name>
	</drawable>

<drawable> <!-- day 1-->
		<name>day_array1.xml</name>
		<centerX>112</centerX>
		<centerY>92</centerY>
		<arraytype>4</arraytype>
	</drawable>
<drawable> <!-- day -->
		<name>day_array.xml</name>
		<centerX>82</centerX>
		<centerY>101</centerY>
		<arraytype>4</arraytype>
	</drawable>
		<drawable>
		<name>clock_skin_panel.png</name>
	</drawable>
		<drawable> <!-- battery gauge -->
		<name>hand_mini1.png</name>
		<centerX>-90</centerX>
	     <centerY>9</centerY>
		<rotate>6</rotate>
		<mulrotate>2</mulrotate>
     <direction>1</direction>
	</drawable>	
		<drawable> <!-- weekday gauge shadow -->
		<name>hand_mini2.png</name>
			<rotate>5</rotate>	
		<centerY>-80</centerY>
	 </drawable>
   <drawable>
		<name>hand_mini3.png</name>
		<rotate>4</rotate>
		<centerY>90</centerY>	
           <centerX>8</centerX>
           
	</drawable>
		<drawable>
		<name>hand_m.png</name>
		<rotate>2</rotate>
	</drawable>
	<drawable>
		<name>hand_h.png</name>
		<rotate>1</rotate>
	</drawable>
	<drawable>
		<name>hand_s.png</name>
		<rotate>3</rotate>
	</drawable>
<drawable>
		<centerX>-28</centerX>
		<centerY>-60</centerY>
		<arraytype>99</arraytype>
		<color>0</color>
	</drawable>



</clockskin>

