<clockskin>
    <drawable>
        <name>image1.png</name>
    </drawable>
    <drawable>
        <name>digital1.xml</name>
        <arraytype>7</arraytype>
        <centerX>-77</centerX>
        <centerY>52</centerY>
    </drawable>
    <drawable>
        <name>digital2.xml</name>
        <arraytype>8</arraytype>
        <centerX>73</centerX>
        <centerY>52</centerY>
    </drawable>
    <drawable>
        <arraytype>100</arraytype>
        <range>74</range>
        <cls>TellMeTheTime.App.MainActivity</cls>
        <pkg>TellMeTheTime.App</pkg>
    </drawable>
</clockskin>
