<?xml version="1.0" encoding="utf-8"?>
<drawables>
     <image>animation_1_0.png</image>
     <image>animation_1_1.png</image>
     <image>animation_1_2.png</image>
     <image>animation_1_0.png</image>
     <image>animation_1_2.png</image>
     <image>animation_1_5.png</image>
     <image>animation_1_6.png</image>
     <image>animation_1_7.png</image>
     <image>animation_1_1.png</image>
     <image>animation_1_9.png</image>
     <image>animation_1_10.png</image>
     <image>animation_1_11.png</image>
     <image>animation_1_11.png</image>
     <image>animation_1_13.png</image>
     <image>animation_1_13.png</image>
     <image>animation_1_10.png</image>
     <image>animation_1_16.png</image>
     <image>animation_1_9.png</image>
     <image>animation_1_18.png</image>
     <image>animation_1_16.png</image>
     <image>animation_1_7.png</image>
     <image>animation_1_18.png</image>
     <image>animation_1_7.png</image>
     <image>animation_1_16.png</image>
     <image>animation_1_18.png</image>
     <image>animation_1_9.png</image>
     <image>animation_1_16.png</image>
     <image>animation_1_10.png</image>
     <image>animation_1_13.png</image>
     <image>animation_1_13.png</image>
     <image>animation_1_11.png</image>
     <image>animation_1_11.png</image>
     <image>animation_1_10.png</image>
     <image>animation_1_9.png</image>
     <image>animation_1_1.png</image>
     <image>animation_1_7.png</image>
     <image>animation_1_6.png</image>
     <image>animation_1_5.png</image>
     <image>animation_1_2.png</image>
     <image>animation_1_0.png</image>
     <image>animation_1_2.png</image>
     <image>animation_1_1.png</image>
</drawables>
