<clockskin>
    <drawable>
        <name>image1.png</name>
    </drawable>
    <drawable>
        <name>animated_image_1.xml</name>
        <framerate>8.00000000000000</framerate>
    </drawable>
    <drawable>
        <name>image2.png</name>
    </drawable>
    <drawable>
        <name>animated_image_2.xml</name>
        <framerate>15.00000000000000</framerate>
        <centerX>0</centerX>
        <centerY>-190</centerY>
    </drawable>
    <drawable>
        <name>animated_image_3.xml</name>
        <framerate>15.00000000000000</framerate>
        <centerX>179</centerX>
        <centerY>-36</centerY>
    </drawable>
    <drawable>
        <name>animated_image_4.xml</name>
        <framerate>15.00000000000000</framerate>
        <centerX>154</centerX>
        <centerY>54</centerY>
    </drawable>
    <drawable>
        <name>animated_image_5.xml</name>
        <framerate>15.00000000000000</framerate>
        <centerX>88</centerX>
        <centerY>120</centerY>
    </drawable>
    <drawable>
        <name>animated_image_6.xml</name>
        <framerate>15.00000000000000</framerate>
        <centerX>-1</centerX>
        <centerY>145</centerY>
    </drawable>
    <drawable>
        <name>animated_image_7.xml</name>
        <framerate>15.00000000000000</framerate>
        <centerX>-90</centerX>
        <centerY>119</centerY>
    </drawable>
    <drawable>
        <name>animated_image_8.xml</name>
        <framerate>15.00000000000000</framerate>
        <centerX>-157</centerX>
        <centerY>53</centerY>
    </drawable>
    <drawable>
        <name>animated_image_9.xml</name>
        <framerate>15.00000000000000</framerate>
        <centerX>-183</centerX>
        <centerY>-37</centerY>
    </drawable>
    <drawable>
        <name>animated_image_10.xml</name>
        <framerate>15.00000000000000</framerate>
        <centerX>-136</centerX>
        <centerY>-115</centerY>
    </drawable>
    <drawable>
        <name>animated_image_11.xml</name>
        <framerate>15.00000000000000</framerate>
        <centerX>-76</centerX>
        <centerY>-169</centerY>
    </drawable>
    <drawable>
        <name>animated_image_12.xml</name>
        <framerate>15.00000000000000</framerate>
        <centerX>77</centerX>
        <centerY>-171</centerY>
    </drawable>
    <drawable>
        <name>animated_image_13.xml</name>
        <framerate>15.00000000000000</framerate>
        <centerX>131</centerX>
        <centerY>-114</centerY>
    </drawable>
    <drawable>
        <rotate>2</rotate>
        <mulrotate>1</mulrotate>
        <movement>3</movement>
        <name>image3.png</name>
    </drawable>
    <drawable>
        <rotate>1</rotate>
        <mulrotate>1</mulrotate>
        <movement>3</movement>
        <name>image4.png</name>
    </drawable>
    <drawable>
        <name>image5.png</name>
    </drawable>
</clockskin>
