<?xml version="1.0" encoding="utf-8"?>
<clockskin>
	<drawable>
		<name>grund_std.png</name>
		<rotate>3</rotate>
		<centerY>296</centerY>
	</drawable>
	<drawable>
		<name>min.xml</name>
		<arraytype>7</arraytype>
		<centerX>-200</centerX>
	</drawable>
	<drawable>
		<name>std_filter.xml</name>
		<arraytype>7</arraytype>
		<centerX>200</centerX>
	</drawable>
	<drawable>
		<name>minute_u.xml</name>
		<arraytype>8</arraytype>
		<centerX>-200</centerX>
	</drawable>
	<drawable>
		<name>min_u.xml</name>
		<arraytype>8</arraytype>
		<centerX>200</centerX>
	</drawable>
	<drawable>
		<name>minute_oben.xml</name>
		<arraytype>8</arraytype>
		<centerX>196</centerX>
		<centerY>-8</centerY>
	</drawable>
	<drawable>
		<name>blende.png</name>
	</drawable>
	<drawable>
		<name>woche.xml</name>
		<arraytype>5</arraytype>
	</drawable>
	<drawable>
		<name>th.xml</name>
		<arraytype>4</arraytype>
		<centerX>-200</centerX>
	</drawable>
	<drawable>
		<name>th_filter.xml</name>
		<arraytype>4</arraytype>
		<centerX>200</centerX>
	</drawable>
	<drawable>
		<name>tag_1.xml</name>
		<arraytype>4</arraytype>
		<centerX>72</centerX>
		<centerY>120</centerY>
	</drawable>
	<drawable>
		<name>tag.xml</name>
		<arraytype>16</arraytype>
		<centerY>165</centerY>
	</drawable>
	<drawable>
		<name>monat.xml</name>
		<arraytype>3</arraytype>
		<centerX>-54</centerX>
		<centerY>120</centerY>
	</drawable>
<!--COMMENTED BY ClockSkinMaker
<metadata gui='rra' version='1.4.0.0'/>
-->
</clockskin>