<?xml version="1.0" encoding="utf-8"?>
<clockskin>
	<drawable>
		<name>Dial.png</name>
	</drawable>
	<drawable>
		<name>Battery.png</name>
		<rotate>6</rotate>
		<centerY>58</centerY>
		<angle>360</angle>
		<mulrotate>2</mulrotate>
	</drawable>
	<drawable>
		<arraytype>99</arraytype>
		<centerX>-25</centerX>
		<centerY>-85</centerY>
	</drawable>
	<drawable>
		<name>days.xml</name>
		<arraytype>4</arraytype>
		<centerX>132</centerX>
	</drawable>
	<drawable>
		<name>Hour_Shadow.png</name>
		<rotate>1</rotate>
		<centerX>4</centerX>
		<centerY>4</centerY>
	</drawable>
	<drawable>
		<name>Hour.png</name>
		<rotate>1</rotate>
	</drawable>
	<drawable>
		<name>Minute_Shadow.png</name>
		<rotate>2</rotate>
		<centerX>5</centerX>
		<centerY>5</centerY>
	</drawable>
	<drawable>
		<name>Minute.png</name>
		<rotate>2</rotate>
	</drawable>
	<drawable>
		<name>Second_Shadow.png</name>
		<rotate>3</rotate>
		<centerX>6</centerX>
		<centerY>6</centerY>
	</drawable>
	<drawable>
		<name>Second.png</name>
		<rotate>3</rotate>
	</drawable>
<!--COMMENTED BY ClockSkinMaker
<metadata gui='rra' version='1.5.0.0'/>
-->
</clockskin>