<?xml version="1.0" encoding="utf-8"?>
<drawables>
     <image>animation_4_0.png</image>
     <image>animation_4_1.png</image>
     <image>animation_4_2.png</image>
     <image>animation_4_3.png</image>
     <image>animation_4_4.png</image>
     <image>animation_4_5.png</image>
     <image>animation_4_6.png</image>
     <image>animation_4_7.png</image>
     <image>animation_4_8.png</image>
     <image>animation_4_9.png</image>
     <image>animation_4_10.png</image>
     <image>animation_4_11.png</image>
     <image>animation_4_12.png</image>
     <image>animation_4_13.png</image>
     <image>animation_4_14.png</image>
     <image>animation_4_15.png</image>
     <image>animation_4_16.png</image>
     <image>animation_4_17.png</image>
     <image>animation_4_18.png</image>
     <image>animation_4_19.png</image>
     <image>animation_4_20.png</image>
     <image>animation_4_21.png</image>
     <image>animation_4_22.png</image>
     <image>animation_4_23.png</image>
     <image>animation_4_24.png</image>
     <image>animation_4_25.png</image>
     <image>animation_4_26.png</image>
     <image>animation_4_27.png</image>
     <image>animation_4_28.png</image>
     <image>animation_4_29.png</image>
     <image>animation_4_30.png</image>
     <image>animation_4_31.png</image>
     <image>animation_4_32.png</image>
     <image>animation_4_33.png</image>
     <image>animation_4_34.png</image>
     <image>animation_4_35.png</image>
     <image>animation_4_36.png</image>
     <image>animation_4_37.png</image>
     <image>animation_4_38.png</image>
     <image>animation_4_39.png</image>
     <image>animation_4_40.png</image>
     <image>animation_4_41.png</image>
     <image>animation_4_42.png</image>
     <image>animation_4_43.png</image>
     <image>animation_4_44.png</image>
     <image>animation_4_45.png</image>
     <image>animation_4_46.png</image>
     <image>animation_4_47.png</image>
     <image>animation_4_48.png</image>
     <image>animation_4_49.png</image>
     <image>animation_4_50.png</image>
     <image>animation_4_51.png</image>
     <image>animation_4_52.png</image>
     <image>animation_4_53.png</image>
     <image>animation_4_54.png</image>
     <image>animation_4_55.png</image>
     <image>animation_4_56.png</image>
     <image>animation_4_57.png</image>
     <image>animation_4_58.png</image>
     <image>animation_4_59.png</image>
     <image>animation_4_60.png</image>
     <image>animation_4_61.png</image>
     <image>animation_4_62.png</image>
     <image>animation_4_63.png</image>
     <image>animation_4_64.png</image>
     <image>animation_4_65.png</image>
     <image>animation_4_66.png</image>
     <image>animation_4_67.png</image>
     <image>animation_4_68.png</image>
     <image>animation_4_69.png</image>
     <image>animation_4_70.png</image>
     <image>animation_4_71.png</image>
     <image>animation_4_72.png</image>
     <image>animation_4_73.png</image>
     <image>animation_4_74.png</image>
     <image>animation_4_75.png</image>
     <image>animation_4_76.png</image>
     <image>animation_4_77.png</image>
     <image>animation_4_78.png</image>
     <image>animation_4_79.png</image>
     <image>animation_4_80.png</image>
     <image>animation_4_81.png</image>
     <image>animation_4_82.png</image>
     <image>animation_4_83.png</image>
     <image>animation_4_84.png</image>
     <image>animation_4_85.png</image>
     <image>animation_4_86.png</image>
     <image>animation_4_87.png</image>
     <image>animation_4_88.png</image>
     <image>animation_4_89.png</image>
     <image>animation_4_90.png</image>
     <image>animation_4_91.png</image>
     <image>animation_4_92.png</image>
     <image>animation_4_93.png</image>
     <image>animation_4_94.png</image>
     <image>animation_4_95.png</image>
     <image>animation_4_96.png</image>
     <image>animation_4_97.png</image>
     <image>animation_4_98.png</image>
     <image>animation_4_99.png</image>
     <image>animation_4_100.png</image>
     <image>animation_4_101.png</image>
     <image>animation_4_102.png</image>
     <image>animation_4_103.png</image>
     <image>animation_4_104.png</image>
     <image>animation_4_105.png</image>
     <image>animation_4_106.png</image>
     <image>animation_4_107.png</image>
     <image>animation_4_108.png</image>
     <image>animation_4_109.png</image>
     <image>animation_4_110.png</image>
     <image>animation_4_111.png</image>
     <image>animation_4_112.png</image>
     <image>animation_4_113.png</image>
     <image>animation_4_114.png</image>
     <image>animation_4_115.png</image>
     <image>animation_4_116.png</image>
     <image>animation_4_117.png</image>
     <image>animation_4_118.png</image>
     <image>animation_4_119.png</image>
</drawables>
