<clockskin>
    <drawable>
        <name>image1.png</name>
    </drawable>
    <drawable>
        <name>digital1.xml</name>
        <arraytype>14</arraytype>
        <centerX>-9</centerX>
        <centerY>-137</centerY>
    </drawable>
    <drawable>
        <name>image2.png</name>
    </drawable>
    <drawable>
        <name>digital2.xml</name>
        <arraytype>14</arraytype>
        <centerX>-400</centerX>
        <centerY>-139</centerY>
    </drawable>
    <drawable>
        <name>digital3.xml</name>
        <arraytype>14</arraytype>
        <centerX>0</centerX>
        <centerY>-139</centerY>
    </drawable>
    <drawable>
        <name>digital4.xml</name>
        <arraytype>14</arraytype>
        <centerX>400</centerX>
        <centerY>-139</centerY>
    </drawable>
    <drawable>
        <name>digital5.xml</name>
        <arraytype>12</arraytype>
        <centerX>-400</centerX>
        <centerY>132</centerY>
    </drawable>
    <drawable>
        <name>digital6.xml</name>
        <arraytype>12</arraytype>
        <centerX>0</centerX>
        <centerY>132</centerY>
    </drawable>
    <drawable>
        <name>digital7.xml</name>
        <arraytype>12</arraytype>
        <centerX>-1</centerX>
        <centerY>137</centerY>
    </drawable>
    <drawable>
        <name>image3.png</name>
    </drawable>
    <drawable>
        <name>digital8.xml</name>
        <arraytype>5</arraytype>
    </drawable>
    <drawable>
        <name>digital9.xml</name>
        <arraytype>10</arraytype>
        <centerX>131</centerX>
        <centerY>106</centerY>
    </drawable>
    <drawable>
        <name>digital10.xml</name>
        <arraytype>11</arraytype>
        <centerX>115</centerX>
        <centerY>139</centerY>
    </drawable>
    <drawable>
        <name>digital11.xml</name>
        <arraytype>13</arraytype>
        <centerX>-121</centerX>
        <centerY>135</centerY>
    </drawable>
    <drawable>
        <name>image4.png</name>
    </drawable>
    <drawable>
        <name>digital12.xml</name>
        <arraytype>6</arraytype>
        <centerX>-44</centerX>
        <centerY>4</centerY>
    </drawable>
    <drawable>
        <name>digital13.xml</name>
        <arraytype>9</arraytype>
        <centerX>119</centerX>
        <centerY>9</centerY>
    </drawable>
    <drawable>
        <name>digital14.xml</name>
        <arraytype>3</arraytype>
        <centerX>-124</centerX>
        <centerY>-103</centerY>
    </drawable>
    <drawable>
        <name>digital15.xml</name>
        <arraytype>4</arraytype>
        <centerX>121</centerX>
        <centerY>-103</centerY>
    </drawable>
    <drawable>
        <name>image5.png</name>
    </drawable>
</clockskin>
