<?xml version="1.0" encoding="utf-8"?>
<clockskin>
	<drawable>
		<name>image1.png</name>
	</drawable>
	<drawable>
		<name>test3.png</name>
		<rotate>3</rotate>
		<centerX>82</centerX>
		<direction>1</direction>
		<mulrotate>8</mulrotate>
	</drawable>
	<drawable>
		<name>points.png</name>
		<centerX>-98</centerX>
		<centerY>-38</centerY>
	</drawable>
	<drawable>
		<name>h_1.xml</name>
		<arraytype>7</arraytype>
		<centerX>-147</centerX>
		<centerY>-50</centerY>
	</drawable>
	<drawable>
		<name>h.xml</name>
		<arraytype>8</arraytype>
		<centerX>-53</centerX>
		<centerY>-50</centerY>
	</drawable>
	<drawable>
		<name>s.xml</name>
		<arraytype>9</arraytype>
		<centerX>-9</centerX>
		<centerY>-109</centerY>
	</drawable>
	<drawable>
		<name>w.xml</name>
		<arraytype>5</arraytype>
		<centerX>-146</centerX>
		<centerY>9</centerY>
	</drawable>
	<drawable>
		<name>md_1.xml</name>
		<arraytype>4</arraytype>
		<centerX>-99</centerX>
		<centerY>9</centerY>
	</drawable>
	<drawable>
		<name>mo.xml</name>
		<arraytype>3</arraytype>
		<centerX>-49</centerX>
		<centerY>9</centerY>
	</drawable>
	<drawable>
		<name>md.xml</name>
		<arraytype>16</arraytype>
		<centerX>-98</centerX>
		<centerY>47</centerY>
	</drawable>
	<drawable>
		<name>bat.xml</name>
		<arraytype>14</arraytype>
		<centerX>-14</centerX>
		<centerY>169</centerY>
	</drawable>
	<drawable>
		<name>bat.png</name>
		<centerX>18</centerX>
		<centerY>170</centerY>
	</drawable>
<!--COMMENTED BY ClockSkinMaker
<metadata gui='rra' version='1.4.0.0'/>
-->
</clockskin>