<?xml version="1.0" encoding="utf-8"?>
<drawables>
     <image>digital7_0.png</image>
     <image>digital7_0.png</image>
     <image>digital7_0.png</image>
     <image>digital7_0.png</image>
     <image>digital7_0.png</image>
     <image>digital7_0.png</image>
     <image>digital7_0.png</image>
     <image>digital7_0.png</image>
     <image>digital7_0.png</image>
     <image>digital7_0.png</image>
     <image>digital7_0.png</image>
     <image>digital7_11.png</image>
     <image>digital7_12.png</image>
</drawables>
