<clockskin>
    <drawable>
        <name>image1.png</name>
    </drawable>
    <drawable>
        <name>digital1.xml</name>
        <arraytype>5</arraytype>
    </drawable>
    <drawable>
        <name>image2.png</name>
    </drawable>
    <drawable>
        <name>digital2.xml</name>
        <arraytype>4</arraytype>
        <centerX>0</centerX>
        <centerY>112</centerY>
    </drawable>
    <drawable>
        <name>digital3.xml</name>
        <arraytype>3</arraytype>
        <centerX>-62</centerX>
        <centerY>106</centerY>
    </drawable>
    <drawable>
        <name>digital4.xml</name>
        <arraytype>14</arraytype>
        <centerX>464</centerX>
        <centerY>106</centerY>
    </drawable>
    <drawable>
        <name>digital5.xml</name>
        <arraytype>14</arraytype>
        <centerX>864</centerX>
        <centerY>106</centerY>
    </drawable>
    <drawable>
        <rotate>1</rotate>
        <direction>1</direction>
        <mulrotate>1</mulrotate>
        <name>image3.png</name>
    </drawable>
    <drawable>
        <rotate>2</rotate>
        <direction>1</direction>
        <mulrotate>1</mulrotate>
        <name>image4.png</name>
    </drawable>
    <drawable>
        <rotate>3</rotate>
        <direction>1</direction>
        <mulrotate>1</mulrotate>
        <name>image5.png</name>
    </drawable>
    <drawable>
        <name>image6.png</name>
    </drawable>
</clockskin>
<!-- Created on WatchFace Designer 0.14.2 beta -->
<!-- Exported for Android 7.1+ Stock ClockSkin Engine -->
