<clockskin>
    <drawable>
        <name>animated_image_1.xml</name>
        <framerate>0.00027777777778</framerate>
    </drawable>
    <drawable>
        <rotate>7</rotate>
        <mulrotate>1</mulrotate>
        <centerX>0</centerX>
        <centerY>100</centerY>
        <name>image1.png</name>
    </drawable>
    <drawable>
        <name>image2.png</name>
    </drawable>
    <drawable>
        <name>digital1.xml</name>
        <arraytype>8</arraytype>
        <centerX>-73</centerX>
        <centerY>136</centerY>
    </drawable>
    <drawable>
        <name>digital2.xml</name>
        <arraytype>9</arraytype>
        <centerX>74</centerX>
        <centerY>136</centerY>
    </drawable>
</clockskin>
