<?xml version="1.0" encoding="utf-8"?>
<clockskin>
	<drawable>
		<name>Day_Night.png</name>
		<rotate>7</rotate>
		<centerY>250</centerY>
	</drawable>
	<drawable>
		<name>Cover_Deletable_If_You_Want.png</name>
	</drawable>
	<drawable>
		<name>Rotate_Sun.png</name>
		<rotate>7</rotate>
	</drawable>
	<drawable>
		<name>Image_clock_back.png</name>
	</drawable>
	<drawable>
		<name>MarioRunning.xml</name>
		<arraytype>9</arraytype>
		<centerX>-101</centerX>
		<centerY>93</centerY>
	</drawable>
	<drawable>
		<name>Image_clock_back_cover.png</name>
	</drawable>
	<drawable>
		<name>HourArray.xml</name>
		<arraytype>6</arraytype>
		<centerY>-20</centerY>
	</drawable>
	<drawable>
		<name>Steps_1.xml</name>
		<arraytype>12</arraytype>
		<centerX>-113</centerX>
		<centerY>-125</centerY>
	</drawable>
	<drawable>
		<name>StepsFeet.png</name>
		<centerX>-127</centerX>
		<centerY>-138</centerY>
	</drawable>
	<drawable>
		<name>Steps.xml</name>
		<arraytype>13</arraytype>
		<centerX>98</centerX>
		<centerY>-88</centerY>
	</drawable>
	<drawable>
		<name>Mushroom.png</name>
		<centerX>68</centerX>
		<centerY>-89</centerY>
	</drawable>
	<drawable>
		<name>PlantSecond.xml</name>
		<arraytype>9</arraytype>
		<centerX>81</centerX>
		<centerY>72</centerY>
	</drawable>
	<drawable>
		<name>Plant_pot.png</name>
		<centerX>98</centerX>
		<centerY>93</centerY>
	</drawable>
	<drawable>
		<name>Battery.xml</name>
		<arraytype>14</arraytype>
		<centerX>120</centerX>
		<centerY>-130</centerY>
	</drawable>
	<drawable>
		<name>Battery_Icon.png</name>
		<centerX>118</centerX>
		<centerY>-144</centerY>
	</drawable>
	<drawable>
		<name>Plant_Cover.png</name>
	</drawable>
<!--COMMENTED BY ClockSkinMaker
<metadata gui='rra' version='1.4.0.0'/>
-->
</clockskin>